"from","to","strength"
"BasalGanglia_L_t_0","BasalGanglia_R_t_0",1
"BasalGanglia_L_t_0","Cerebellum_L_t_0",0.31
"BasalGanglia_L_t_0","Cerebellum_R_t_0",0.45
"BasalGanglia_L_t_0","Cingulate_L_t_0",0.04
"BasalGanglia_L_t_0","Cingulate_R_t_0",0.04
"BasalGanglia_L_t_0","Frontal_L_t_0",0.18
"BasalGanglia_L_t_0","Frontal_Orb_L_t_0",0.24
"BasalGanglia_L_t_0","Frontal_Orb_R_t_0",0.46
"BasalGanglia_L_t_0","Frontal_R_t_0",0.54
"BasalGanglia_L_t_0","Insula_L_t_0",0.15
"BasalGanglia_L_t_0","Insula_R_t_0",0.15
"BasalGanglia_L_t_0","Limbic_L_t_0",0.6
"BasalGanglia_L_t_0","Limbic_R_t_0",0.73
"BasalGanglia_L_t_0","Motor_L_t_0",0.11
"BasalGanglia_L_t_0","Motor_R_t_0",0.33
"BasalGanglia_L_t_0","Occipital_L_t_0",0.37
"BasalGanglia_L_t_0","Occipital_R_t_0",0.53
"BasalGanglia_L_t_0","Parietal_L_t_0",0.17
"BasalGanglia_L_t_0","Parietal_R_t_0",0.46
"BasalGanglia_L_t_0","Temporal_L_t_0",0.41
"BasalGanglia_L_t_0","Temporal_R_t_0",0.35
"BasalGanglia_L_t_0","Thalamus_L_t_0",0.35
"BasalGanglia_L_t_0","Thalamus_R_t_0",0.52
"BasalGanglia_L_t_0","Vermis_t_0",0.35
"BasalGanglia_L_t_1","BasalGanglia_L_t_0",0.66
"BasalGanglia_L_t_1","BasalGanglia_R_t_0",0.04
"BasalGanglia_L_t_1","BasalGanglia_R_t_1",1
"BasalGanglia_L_t_1","Cerebellum_L_t_1",0.31
"BasalGanglia_L_t_1","Cerebellum_R_t_1",0.45
"BasalGanglia_L_t_1","Cingulate_L_t_1",0.04
"BasalGanglia_L_t_1","Cingulate_R_t_1",0.04
"BasalGanglia_L_t_1","DVARS_t_0",0.03
"BasalGanglia_L_t_1","Frontal_L_t_1",0.18
"BasalGanglia_L_t_1","Frontal_Orb_L_t_1",0.24
"BasalGanglia_L_t_1","Frontal_Orb_R_t_0",0.01
"BasalGanglia_L_t_1","Frontal_Orb_R_t_1",0.46
"BasalGanglia_L_t_1","Frontal_R_t_1",0.54
"BasalGanglia_L_t_1","Insula_L_t_1",0.15
"BasalGanglia_L_t_1","Insula_R_t_1",0.15
"BasalGanglia_L_t_1","Limbic_L_t_1",0.6
"BasalGanglia_L_t_1","Limbic_R_t_1",0.73
"BasalGanglia_L_t_1","Motor_L_t_1",0.11
"BasalGanglia_L_t_1","Motor_R_t_1",0.33
"BasalGanglia_L_t_1","Occipital_L_t_0",0.01
"BasalGanglia_L_t_1","Occipital_L_t_1",0.37
"BasalGanglia_L_t_1","Occipital_R_t_1",0.53
"BasalGanglia_L_t_1","Parietal_L_t_1",0.17
"BasalGanglia_L_t_1","Parietal_R_t_1",0.46
"BasalGanglia_L_t_1","Temporal_L_t_1",0.41
"BasalGanglia_L_t_1","Temporal_R_t_1",0.35
"BasalGanglia_L_t_1","Thalamus_L_t_1",0.35
"BasalGanglia_L_t_1","Thalamus_R_t_1",0.52
"BasalGanglia_L_t_1","Vermis_t_1",0.35
"BasalGanglia_R_t_0","Cerebellum_L_t_0",0.21
"BasalGanglia_R_t_0","Cerebellum_R_t_0",0.32
"BasalGanglia_R_t_0","Cingulate_L_t_0",0.04
"BasalGanglia_R_t_0","Cingulate_R_t_0",0.04
"BasalGanglia_R_t_0","Frontal_L_t_0",0.07
"BasalGanglia_R_t_0","Frontal_Orb_L_t_0",0.16
"BasalGanglia_R_t_0","Frontal_Orb_R_t_0",0.25
"BasalGanglia_R_t_0","Frontal_R_t_0",0.39
"BasalGanglia_R_t_0","Insula_L_t_0",0.06
"BasalGanglia_R_t_0","Insula_R_t_0",0.04
"BasalGanglia_R_t_0","Limbic_L_t_0",0.23
"BasalGanglia_R_t_0","Limbic_R_t_0",0.51
"BasalGanglia_R_t_0","Motor_L_t_0",0.05
"BasalGanglia_R_t_0","Motor_R_t_0",0.1
"BasalGanglia_R_t_0","Occipital_L_t_0",0.16
"BasalGanglia_R_t_0","Occipital_R_t_0",0.35
"BasalGanglia_R_t_0","Parietal_L_t_0",0.1
"BasalGanglia_R_t_0","Parietal_R_t_0",0.2
"BasalGanglia_R_t_0","Temporal_L_t_0",0.21
"BasalGanglia_R_t_0","Temporal_R_t_0",0.11
"BasalGanglia_R_t_0","Thalamus_L_t_0",0.28
"BasalGanglia_R_t_0","Thalamus_R_t_0",0.25
"BasalGanglia_R_t_0","Vermis_t_0",0.3
"BasalGanglia_R_t_1","BasalGanglia_L_t_0",0.34
"BasalGanglia_R_t_1","BasalGanglia_R_t_0",0.98
"BasalGanglia_R_t_1","Cerebellum_L_t_1",0.21
"BasalGanglia_R_t_1","Cerebellum_R_t_1",0.32
"BasalGanglia_R_t_1","Cingulate_L_t_1",0.04
"BasalGanglia_R_t_1","Cingulate_R_t_1",0.04
"BasalGanglia_R_t_1","Frontal_L_t_1",0.07
"BasalGanglia_R_t_1","Frontal_Orb_L_t_1",0.16
"BasalGanglia_R_t_1","Frontal_Orb_R_t_1",0.25
"BasalGanglia_R_t_1","Frontal_R_t_1",0.39
"BasalGanglia_R_t_1","Insula_L_t_1",0.06
"BasalGanglia_R_t_1","Insula_R_t_1",0.04
"BasalGanglia_R_t_1","Limbic_L_t_1",0.23
"BasalGanglia_R_t_1","Limbic_R_t_1",0.51
"BasalGanglia_R_t_1","Motor_L_t_1",0.05
"BasalGanglia_R_t_1","Motor_R_t_1",0.1
"BasalGanglia_R_t_1","Occipital_L_t_1",0.16
"BasalGanglia_R_t_1","Occipital_R_t_1",0.35
"BasalGanglia_R_t_1","Parietal_L_t_1",0.1
"BasalGanglia_R_t_1","Parietal_R_t_1",0.2
"BasalGanglia_R_t_1","Temporal_L_t_1",0.21
"BasalGanglia_R_t_1","Temporal_R_t_1",0.11
"BasalGanglia_R_t_1","Thalamus_L_t_0",0.01
"BasalGanglia_R_t_1","Thalamus_L_t_1",0.28
"BasalGanglia_R_t_1","Thalamus_R_t_0",0.01
"BasalGanglia_R_t_1","Thalamus_R_t_1",0.25
"BasalGanglia_R_t_1","Vermis_t_1",0.3
"Cerebellum_L_t_0","BasalGanglia_L_t_0",0.51
"Cerebellum_L_t_0","BasalGanglia_R_t_0",0.66
"Cerebellum_L_t_0","Cerebellum_R_t_0",0.98
"Cerebellum_L_t_0","Cingulate_L_t_0",0.21
"Cerebellum_L_t_0","Cingulate_R_t_0",0.16
"Cerebellum_L_t_0","DVARS_t_0",0.09
"Cerebellum_L_t_0","Frontal_L_t_0",0.34
"Cerebellum_L_t_0","Frontal_Orb_L_t_0",0.42
"Cerebellum_L_t_0","Frontal_Orb_R_t_0",0.56
"Cerebellum_L_t_0","Frontal_R_t_0",0.53
"Cerebellum_L_t_0","Insula_L_t_0",0.35
"Cerebellum_L_t_0","Insula_R_t_0",0.28
"Cerebellum_L_t_0","Limbic_L_t_0",0.55
"Cerebellum_L_t_0","Limbic_R_t_0",0.66
"Cerebellum_L_t_0","Motor_L_t_0",0.22
"Cerebellum_L_t_0","Motor_R_t_0",0.39
"Cerebellum_L_t_0","Occipital_L_t_0",0.41
"Cerebellum_L_t_0","Occipital_R_t_0",0.68
"Cerebellum_L_t_0","Parietal_L_t_0",0.25
"Cerebellum_L_t_0","Parietal_R_t_0",0.51
"Cerebellum_L_t_0","Temporal_L_t_0",0.48
"Cerebellum_L_t_0","Temporal_R_t_0",0.47
"Cerebellum_L_t_0","Thalamus_L_t_0",0.36
"Cerebellum_L_t_0","Thalamus_R_t_0",0.51
"Cerebellum_L_t_0","Vermis_t_0",0.95
"Cerebellum_L_t_1","BasalGanglia_L_t_1",0.51
"Cerebellum_L_t_1","BasalGanglia_R_t_1",0.66
"Cerebellum_L_t_1","Cerebellum_L_t_0",0.97
"Cerebellum_L_t_1","Cerebellum_R_t_1",0.98
"Cerebellum_L_t_1","Cingulate_L_t_1",0.21
"Cerebellum_L_t_1","Cingulate_R_t_1",0.16
"Cerebellum_L_t_1","DVARS_t_1",0.09
"Cerebellum_L_t_1","Frontal_L_t_1",0.34
"Cerebellum_L_t_1","Frontal_Orb_L_t_1",0.42
"Cerebellum_L_t_1","Frontal_Orb_R_t_1",0.56
"Cerebellum_L_t_1","Frontal_R_t_1",0.53
"Cerebellum_L_t_1","Insula_L_t_1",0.35
"Cerebellum_L_t_1","Insula_R_t_1",0.28
"Cerebellum_L_t_1","Limbic_L_t_1",0.55
"Cerebellum_L_t_1","Limbic_R_t_1",0.66
"Cerebellum_L_t_1","Motor_L_t_1",0.22
"Cerebellum_L_t_1","Motor_R_t_1",0.39
"Cerebellum_L_t_1","Occipital_L_t_0",0.01
"Cerebellum_L_t_1","Occipital_L_t_1",0.41
"Cerebellum_L_t_1","Occipital_R_t_1",0.68
"Cerebellum_L_t_1","Parietal_L_t_1",0.25
"Cerebellum_L_t_1","Parietal_R_t_1",0.51
"Cerebellum_L_t_1","Temporal_L_t_1",0.48
"Cerebellum_L_t_1","Temporal_R_t_1",0.47
"Cerebellum_L_t_1","Thalamus_L_t_1",0.36
"Cerebellum_L_t_1","Thalamus_R_t_1",0.51
"Cerebellum_L_t_1","Vermis_t_0",0.01
"Cerebellum_L_t_1","Vermis_t_1",0.95
"Cerebellum_R_t_0","BasalGanglia_L_t_0",0.34
"Cerebellum_R_t_0","BasalGanglia_R_t_0",0.5
"Cerebellum_R_t_0","Cerebellum_L_t_0",0.02
"Cerebellum_R_t_0","Cingulate_L_t_0",0.09
"Cerebellum_R_t_0","Cingulate_R_t_0",0.13
"Cerebellum_R_t_0","DVARS_t_0",0.07
"Cerebellum_R_t_0","Frontal_L_t_0",0.23
"Cerebellum_R_t_0","Frontal_Orb_L_t_0",0.29
"Cerebellum_R_t_0","Frontal_Orb_R_t_0",0.5
"Cerebellum_R_t_0","Frontal_R_t_0",0.53
"Cerebellum_R_t_0","Insula_L_t_0",0.26
"Cerebellum_R_t_0","Insula_R_t_0",0.19
"Cerebellum_R_t_0","Limbic_L_t_0",0.57
"Cerebellum_R_t_0","Limbic_R_t_0",0.55
"Cerebellum_R_t_0","Motor_L_t_0",0.17
"Cerebellum_R_t_0","Motor_R_t_0",0.32
"Cerebellum_R_t_0","Occipital_L_t_0",0.29
"Cerebellum_R_t_0","Occipital_R_t_0",0.56
"Cerebellum_R_t_0","Parietal_L_t_0",0.24
"Cerebellum_R_t_0","Parietal_R_t_0",0.45
"Cerebellum_R_t_0","Temporal_L_t_0",0.37
"Cerebellum_R_t_0","Temporal_R_t_0",0.4
"Cerebellum_R_t_0","Thalamus_L_t_0",0.31
"Cerebellum_R_t_0","Thalamus_R_t_0",0.62
"Cerebellum_R_t_0","Vermis_t_0",0.66
"Cerebellum_R_t_1","BasalGanglia_L_t_1",0.34
"Cerebellum_R_t_1","BasalGanglia_R_t_0",0.01
"Cerebellum_R_t_1","BasalGanglia_R_t_1",0.5
"Cerebellum_R_t_1","Cerebellum_L_t_1",0.02
"Cerebellum_R_t_1","Cerebellum_R_t_0",1
"Cerebellum_R_t_1","Cingulate_L_t_1",0.09
"Cerebellum_R_t_1","Cingulate_R_t_1",0.13
"Cerebellum_R_t_1","DVARS_t_1",0.07
"Cerebellum_R_t_1","Frontal_L_t_0",0.01
"Cerebellum_R_t_1","Frontal_L_t_1",0.23
"Cerebellum_R_t_1","Frontal_Orb_L_t_1",0.29
"Cerebellum_R_t_1","Frontal_Orb_R_t_1",0.5
"Cerebellum_R_t_1","Frontal_R_t_1",0.53
"Cerebellum_R_t_1","Insula_L_t_0",0.01
"Cerebellum_R_t_1","Insula_L_t_1",0.26
"Cerebellum_R_t_1","Insula_R_t_1",0.19
"Cerebellum_R_t_1","Limbic_L_t_1",0.57
"Cerebellum_R_t_1","Limbic_R_t_1",0.55
"Cerebellum_R_t_1","Motor_L_t_1",0.17
"Cerebellum_R_t_1","Motor_R_t_1",0.32
"Cerebellum_R_t_1","Occipital_L_t_1",0.29
"Cerebellum_R_t_1","Occipital_R_t_1",0.56
"Cerebellum_R_t_1","Parietal_L_t_1",0.24
"Cerebellum_R_t_1","Parietal_R_t_1",0.45
"Cerebellum_R_t_1","Temporal_L_t_1",0.37
"Cerebellum_R_t_1","Temporal_R_t_1",0.4
"Cerebellum_R_t_1","Thalamus_L_t_1",0.31
"Cerebellum_R_t_1","Thalamus_R_t_1",0.62
"Cerebellum_R_t_1","Vermis_t_0",0.01
"Cerebellum_R_t_1","Vermis_t_1",0.66
"Cingulate_L_t_0","BasalGanglia_L_t_0",0.67
"Cingulate_L_t_0","BasalGanglia_R_t_0",0.56
"Cingulate_L_t_0","Cerebellum_L_t_0",0.6
"Cingulate_L_t_0","Cerebellum_R_t_0",0.6
"Cingulate_L_t_0","Cingulate_R_t_0",1
"Cingulate_L_t_0","DVARS_t_0",0.31
"Cingulate_L_t_0","Frontal_L_t_0",0.83
"Cingulate_L_t_0","Frontal_Orb_L_t_0",0.74
"Cingulate_L_t_0","Frontal_Orb_R_t_0",0.86
"Cingulate_L_t_0","Frontal_R_t_0",0.86
"Cingulate_L_t_0","Insula_L_t_0",0.74
"Cingulate_L_t_0","Insula_R_t_0",0.69
"Cingulate_L_t_0","Limbic_L_t_0",0.67
"Cingulate_L_t_0","Limbic_R_t_0",0.81
"Cingulate_L_t_0","Motor_L_t_0",0.51
"Cingulate_L_t_0","Motor_R_t_0",0.76
"Cingulate_L_t_0","Occipital_L_t_0",0.67
"Cingulate_L_t_0","Occipital_R_t_0",0.77
"Cingulate_L_t_0","Parietal_L_t_0",0.53
"Cingulate_L_t_0","Parietal_R_t_0",0.73
"Cingulate_L_t_0","Temporal_L_t_0",0.93
"Cingulate_L_t_0","Temporal_R_t_0",0.64
"Cingulate_L_t_0","Thalamus_L_t_0",0.61
"Cingulate_L_t_0","Thalamus_R_t_0",0.8
"Cingulate_L_t_0","Vermis_t_0",0.57
"Cingulate_L_t_1","BasalGanglia_L_t_1",0.67
"Cingulate_L_t_1","BasalGanglia_R_t_1",0.56
"Cingulate_L_t_1","Cerebellum_L_t_0",0.01
"Cingulate_L_t_1","Cerebellum_L_t_1",0.6
"Cingulate_L_t_1","Cerebellum_R_t_1",0.6
"Cingulate_L_t_1","Cingulate_L_t_0",0.42
"Cingulate_L_t_1","Cingulate_R_t_0",0.02
"Cingulate_L_t_1","Cingulate_R_t_1",1
"Cingulate_L_t_1","DVARS_t_1",0.31
"Cingulate_L_t_1","Frontal_L_t_0",0.01
"Cingulate_L_t_1","Frontal_L_t_1",0.83
"Cingulate_L_t_1","Frontal_Orb_L_t_0",0.01
"Cingulate_L_t_1","Frontal_Orb_L_t_1",0.74
"Cingulate_L_t_1","Frontal_Orb_R_t_0",0.01
"Cingulate_L_t_1","Frontal_Orb_R_t_1",0.86
"Cingulate_L_t_1","Frontal_R_t_1",0.86
"Cingulate_L_t_1","Insula_L_t_0",0.03
"Cingulate_L_t_1","Insula_L_t_1",0.74
"Cingulate_L_t_1","Insula_R_t_0",0.02
"Cingulate_L_t_1","Insula_R_t_1",0.69
"Cingulate_L_t_1","Limbic_L_t_1",0.67
"Cingulate_L_t_1","Limbic_R_t_1",0.81
"Cingulate_L_t_1","Motor_L_t_0",0.02
"Cingulate_L_t_1","Motor_L_t_1",0.51
"Cingulate_L_t_1","Motor_R_t_0",0.01
"Cingulate_L_t_1","Motor_R_t_1",0.76
"Cingulate_L_t_1","Occipital_L_t_0",0.02
"Cingulate_L_t_1","Occipital_L_t_1",0.67
"Cingulate_L_t_1","Occipital_R_t_1",0.77
"Cingulate_L_t_1","Parietal_L_t_1",0.53
"Cingulate_L_t_1","Parietal_R_t_0",0.01
"Cingulate_L_t_1","Parietal_R_t_1",0.73
"Cingulate_L_t_1","Temporal_L_t_0",0.02
"Cingulate_L_t_1","Temporal_L_t_1",0.93
"Cingulate_L_t_1","Temporal_R_t_0",0.02
"Cingulate_L_t_1","Temporal_R_t_1",0.64
"Cingulate_L_t_1","Thalamus_L_t_0",0.02
"Cingulate_L_t_1","Thalamus_L_t_1",0.61
"Cingulate_L_t_1","Thalamus_R_t_1",0.8
"Cingulate_L_t_1","Vermis_t_0",0.01
"Cingulate_L_t_1","Vermis_t_1",0.57
"Cingulate_R_t_0","BasalGanglia_L_t_0",0.67
"Cingulate_R_t_0","BasalGanglia_R_t_0",0.56
"Cingulate_R_t_0","Cerebellum_L_t_0",0.65
"Cingulate_R_t_0","Cerebellum_R_t_0",0.61
"Cingulate_R_t_0","DVARS_t_0",0.06
"Cingulate_R_t_0","Frontal_L_t_0",0.51
"Cingulate_R_t_0","Frontal_Orb_L_t_0",0.61
"Cingulate_R_t_0","Frontal_Orb_R_t_0",0.9
"Cingulate_R_t_0","Frontal_R_t_0",0.86
"Cingulate_R_t_0","Insula_L_t_0",0.83
"Cingulate_R_t_0","Insula_R_t_0",0.95
"Cingulate_R_t_0","Limbic_L_t_0",0.7
"Cingulate_R_t_0","Limbic_R_t_0",0.83
"Cingulate_R_t_0","Motor_L_t_0",0.56
"Cingulate_R_t_0","Motor_R_t_0",0.75
"Cingulate_R_t_0","Occipital_L_t_0",0.75
"Cingulate_R_t_0","Occipital_R_t_0",0.79
"Cingulate_R_t_0","Parietal_L_t_0",0.45
"Cingulate_R_t_0","Parietal_R_t_0",0.8
"Cingulate_R_t_0","Temporal_L_t_0",0.94
"Cingulate_R_t_0","Temporal_R_t_0",0.71
"Cingulate_R_t_0","Thalamus_L_t_0",0.94
"Cingulate_R_t_0","Thalamus_R_t_0",0.88
"Cingulate_R_t_0","Vermis_t_0",0.52
"Cingulate_R_t_1","BasalGanglia_L_t_1",0.67
"Cingulate_R_t_1","BasalGanglia_R_t_1",0.56
"Cingulate_R_t_1","Cerebellum_L_t_0",0.02
"Cingulate_R_t_1","Cerebellum_L_t_1",0.65
"Cingulate_R_t_1","Cerebellum_R_t_1",0.61
"Cingulate_R_t_1","Cingulate_L_t_0",0.08
"Cingulate_R_t_1","Cingulate_R_t_0",0.35
"Cingulate_R_t_1","DVARS_t_1",0.06
"Cingulate_R_t_1","Frontal_L_t_0",0.01
"Cingulate_R_t_1","Frontal_L_t_1",0.51
"Cingulate_R_t_1","Frontal_Orb_L_t_1",0.61
"Cingulate_R_t_1","Frontal_Orb_R_t_1",0.9
"Cingulate_R_t_1","Frontal_R_t_1",0.86
"Cingulate_R_t_1","Insula_L_t_0",0.06
"Cingulate_R_t_1","Insula_L_t_1",0.83
"Cingulate_R_t_1","Insula_R_t_0",0.06
"Cingulate_R_t_1","Insula_R_t_1",0.95
"Cingulate_R_t_1","Limbic_L_t_1",0.7
"Cingulate_R_t_1","Limbic_R_t_1",0.83
"Cingulate_R_t_1","Motor_L_t_1",0.56
"Cingulate_R_t_1","Motor_R_t_1",0.75
"Cingulate_R_t_1","Occipital_L_t_1",0.75
"Cingulate_R_t_1","Occipital_R_t_1",0.79
"Cingulate_R_t_1","Parietal_L_t_0",0.02
"Cingulate_R_t_1","Parietal_L_t_1",0.45
"Cingulate_R_t_1","Parietal_R_t_0",0.02
"Cingulate_R_t_1","Parietal_R_t_1",0.8
"Cingulate_R_t_1","Temporal_L_t_1",0.94
"Cingulate_R_t_1","Temporal_R_t_1",0.71
"Cingulate_R_t_1","Thalamus_L_t_0",0.01
"Cingulate_R_t_1","Thalamus_L_t_1",0.94
"Cingulate_R_t_1","Thalamus_R_t_0",0.01
"Cingulate_R_t_1","Thalamus_R_t_1",0.88
"Cingulate_R_t_1","Vermis_t_1",0.52
"DVARS_t_0","BasalGanglia_L_t_0",0.04
"DVARS_t_0","BasalGanglia_R_t_0",0.03
"DVARS_t_0","Cerebellum_L_t_0",0.3
"DVARS_t_0","Cerebellum_R_t_0",0.07
"DVARS_t_0","Cingulate_L_t_0",0.33
"DVARS_t_0","Cingulate_R_t_0",0.06
"DVARS_t_0","Frontal_L_t_0",0.22
"DVARS_t_0","Frontal_Orb_L_t_0",0.12
"DVARS_t_0","Frontal_Orb_R_t_0",0.08
"DVARS_t_0","Frontal_R_t_0",0.04
"DVARS_t_0","Insula_L_t_0",0.06
"DVARS_t_0","Insula_R_t_0",0.11
"DVARS_t_0","Limbic_L_t_0",0.07
"DVARS_t_0","Limbic_R_t_0",0.13
"DVARS_t_0","Motor_L_t_0",0.14
"DVARS_t_0","Motor_R_t_0",0.07
"DVARS_t_0","Occipital_L_t_0",0.19
"DVARS_t_0","Occipital_R_t_0",0.33
"DVARS_t_0","Parietal_L_t_0",0.3
"DVARS_t_0","Parietal_R_t_0",0.02
"DVARS_t_0","Temporal_L_t_0",0.12
"DVARS_t_0","Temporal_R_t_0",0.07
"DVARS_t_0","Thalamus_L_t_0",0.44
"DVARS_t_0","Thalamus_R_t_0",0.15
"DVARS_t_0","Vermis_t_0",0.03
"DVARS_t_1","BasalGanglia_L_t_0",0.39
"DVARS_t_1","BasalGanglia_L_t_1",0.04
"DVARS_t_1","BasalGanglia_R_t_0",0.4
"DVARS_t_1","BasalGanglia_R_t_1",0.03
"DVARS_t_1","Cerebellum_L_t_0",0.43
"DVARS_t_1","Cerebellum_L_t_1",0.3
"DVARS_t_1","Cerebellum_R_t_0",0.39
"DVARS_t_1","Cerebellum_R_t_1",0.07
"DVARS_t_1","Cingulate_L_t_0",0.39
"DVARS_t_1","Cingulate_L_t_1",0.33
"DVARS_t_1","Cingulate_R_t_0",0.41
"DVARS_t_1","Cingulate_R_t_1",0.06
"DVARS_t_1","DVARS_t_0",1
"DVARS_t_1","Frontal_L_t_0",0.42
"DVARS_t_1","Frontal_L_t_1",0.22
"DVARS_t_1","Frontal_Orb_L_t_0",0.39
"DVARS_t_1","Frontal_Orb_L_t_1",0.12
"DVARS_t_1","Frontal_Orb_R_t_0",0.42
"DVARS_t_1","Frontal_Orb_R_t_1",0.08
"DVARS_t_1","Frontal_R_t_0",0.43
"DVARS_t_1","Frontal_R_t_1",0.04
"DVARS_t_1","Insula_L_t_0",0.4
"DVARS_t_1","Insula_L_t_1",0.06
"DVARS_t_1","Insula_R_t_0",0.4
"DVARS_t_1","Insula_R_t_1",0.11
"DVARS_t_1","Limbic_L_t_0",0.41
"DVARS_t_1","Limbic_L_t_1",0.07
"DVARS_t_1","Limbic_R_t_0",0.39
"DVARS_t_1","Limbic_R_t_1",0.13
"DVARS_t_1","Motor_L_t_0",0.42
"DVARS_t_1","Motor_L_t_1",0.14
"DVARS_t_1","Motor_R_t_0",0.43
"DVARS_t_1","Motor_R_t_1",0.07
"DVARS_t_1","Occipital_L_t_0",0.46
"DVARS_t_1","Occipital_L_t_1",0.19
"DVARS_t_1","Occipital_R_t_0",0.42
"DVARS_t_1","Occipital_R_t_1",0.33
"DVARS_t_1","Parietal_L_t_0",0.45
"DVARS_t_1","Parietal_L_t_1",0.3
"DVARS_t_1","Parietal_R_t_0",0.43
"DVARS_t_1","Parietal_R_t_1",0.02
"DVARS_t_1","Temporal_L_t_0",0.39
"DVARS_t_1","Temporal_L_t_1",0.12
"DVARS_t_1","Temporal_R_t_0",0.4
"DVARS_t_1","Temporal_R_t_1",0.07
"DVARS_t_1","Thalamus_L_t_0",0.42
"DVARS_t_1","Thalamus_L_t_1",0.44
"DVARS_t_1","Thalamus_R_t_0",0.45
"DVARS_t_1","Thalamus_R_t_1",0.15
"DVARS_t_1","Vermis_t_0",0.42
"DVARS_t_1","Vermis_t_1",0.03
"Frontal_L_t_0","BasalGanglia_L_t_0",0.58
"Frontal_L_t_0","BasalGanglia_R_t_0",0.86
"Frontal_L_t_0","Cerebellum_L_t_0",0.58
"Frontal_L_t_0","Cerebellum_R_t_0",0.68
"Frontal_L_t_0","Cingulate_L_t_0",0.1
"Frontal_L_t_0","Cingulate_R_t_0",0.12
"Frontal_L_t_0","DVARS_t_0",0.06
"Frontal_L_t_0","Frontal_Orb_L_t_0",0.8
"Frontal_L_t_0","Frontal_Orb_R_t_0",0.85
"Frontal_L_t_0","Frontal_R_t_0",0.95
"Frontal_L_t_0","Insula_L_t_0",0.24
"Frontal_L_t_0","Insula_R_t_0",0.32
"Frontal_L_t_0","Limbic_L_t_0",0.66
"Frontal_L_t_0","Limbic_R_t_0",0.84
"Frontal_L_t_0","Motor_L_t_0",0.32
"Frontal_L_t_0","Motor_R_t_0",0.6
"Frontal_L_t_0","Occipital_L_t_0",0.53
"Frontal_L_t_0","Occipital_R_t_0",0.62
"Frontal_L_t_0","Parietal_L_t_0",0.24
"Frontal_L_t_0","Parietal_R_t_0",0.57
"Frontal_L_t_0","Temporal_L_t_0",0.74
"Frontal_L_t_0","Temporal_R_t_0",0.59
"Frontal_L_t_0","Thalamus_L_t_0",0.45
"Frontal_L_t_0","Thalamus_R_t_0",0.59
"Frontal_L_t_0","Vermis_t_0",0.47
"Frontal_L_t_1","BasalGanglia_L_t_1",0.58
"Frontal_L_t_1","BasalGanglia_R_t_1",0.86
"Frontal_L_t_1","Cerebellum_L_t_0",0.02
"Frontal_L_t_1","Cerebellum_L_t_1",0.58
"Frontal_L_t_1","Cerebellum_R_t_0",0.01
"Frontal_L_t_1","Cerebellum_R_t_1",0.68
"Frontal_L_t_1","Cingulate_L_t_0",0.03
"Frontal_L_t_1","Cingulate_L_t_1",0.1
"Frontal_L_t_1","Cingulate_R_t_0",0.02
"Frontal_L_t_1","Cingulate_R_t_1",0.12
"Frontal_L_t_1","DVARS_t_0",0.05
"Frontal_L_t_1","DVARS_t_1",0.06
"Frontal_L_t_1","Frontal_L_t_0",1
"Frontal_L_t_1","Frontal_Orb_L_t_1",0.8
"Frontal_L_t_1","Frontal_Orb_R_t_1",0.85
"Frontal_L_t_1","Frontal_R_t_0",0.11
"Frontal_L_t_1","Frontal_R_t_1",0.95
"Frontal_L_t_1","Insula_L_t_0",0.01
"Frontal_L_t_1","Insula_L_t_1",0.24
"Frontal_L_t_1","Insula_R_t_0",0.01
"Frontal_L_t_1","Insula_R_t_1",0.32
"Frontal_L_t_1","Limbic_L_t_1",0.66
"Frontal_L_t_1","Limbic_R_t_1",0.84
"Frontal_L_t_1","Motor_L_t_1",0.32
"Frontal_L_t_1","Motor_R_t_1",0.6
"Frontal_L_t_1","Occipital_L_t_0",0.03
"Frontal_L_t_1","Occipital_L_t_1",0.53
"Frontal_L_t_1","Occipital_R_t_1",0.62
"Frontal_L_t_1","Parietal_L_t_0",0.02
"Frontal_L_t_1","Parietal_L_t_1",0.24
"Frontal_L_t_1","Parietal_R_t_0",0.01
"Frontal_L_t_1","Parietal_R_t_1",0.57
"Frontal_L_t_1","Temporal_L_t_0",0.01
"Frontal_L_t_1","Temporal_L_t_1",0.74
"Frontal_L_t_1","Temporal_R_t_0",0.01
"Frontal_L_t_1","Temporal_R_t_1",0.59
"Frontal_L_t_1","Thalamus_L_t_0",0.04
"Frontal_L_t_1","Thalamus_L_t_1",0.45
"Frontal_L_t_1","Thalamus_R_t_0",0.01
"Frontal_L_t_1","Thalamus_R_t_1",0.59
"Frontal_L_t_1","Vermis_t_1",0.47
"Frontal_Orb_L_t_0","BasalGanglia_L_t_0",0.6
"Frontal_Orb_L_t_0","BasalGanglia_R_t_0",0.67
"Frontal_Orb_L_t_0","Cerebellum_L_t_0",0.46
"Frontal_Orb_L_t_0","Cerebellum_R_t_0",0.54
"Frontal_Orb_L_t_0","Cingulate_L_t_0",0.07
"Frontal_Orb_L_t_0","Cingulate_R_t_0",0.09
"Frontal_Orb_L_t_0","DVARS_t_0",0.01
"Frontal_Orb_L_t_0","Frontal_L_t_0",0.2
"Frontal_Orb_L_t_0","Frontal_Orb_R_t_0",0.98
"Frontal_Orb_L_t_0","Frontal_R_t_0",0.64
"Frontal_Orb_L_t_0","Insula_L_t_0",0.1
"Frontal_Orb_L_t_0","Insula_R_t_0",0.18
"Frontal_Orb_L_t_0","Limbic_L_t_0",0.61
"Frontal_Orb_L_t_0","Limbic_R_t_0",0.74
"Frontal_Orb_L_t_0","Motor_L_t_0",0.21
"Frontal_Orb_L_t_0","Motor_R_t_0",0.47
"Frontal_Orb_L_t_0","Occipital_L_t_0",0.49
"Frontal_Orb_L_t_0","Occipital_R_t_0",0.69
"Frontal_Orb_L_t_0","Parietal_L_t_0",0.3
"Frontal_Orb_L_t_0","Parietal_R_t_0",0.48
"Frontal_Orb_L_t_0","Temporal_L_t_0",0.6
"Frontal_Orb_L_t_0","Temporal_R_t_0",0.44
"Frontal_Orb_L_t_0","Thalamus_L_t_0",0.46
"Frontal_Orb_L_t_0","Thalamus_R_t_0",0.6
"Frontal_Orb_L_t_0","Vermis_t_0",0.44
"Frontal_Orb_L_t_1","BasalGanglia_L_t_1",0.6
"Frontal_Orb_L_t_1","BasalGanglia_R_t_1",0.67
"Frontal_Orb_L_t_1","Cerebellum_L_t_0",0.01
"Frontal_Orb_L_t_1","Cerebellum_L_t_1",0.46
"Frontal_Orb_L_t_1","Cerebellum_R_t_1",0.54
"Frontal_Orb_L_t_1","Cingulate_L_t_0",0.01
"Frontal_Orb_L_t_1","Cingulate_L_t_1",0.07
"Frontal_Orb_L_t_1","Cingulate_R_t_1",0.09
"Frontal_Orb_L_t_1","DVARS_t_0",0.01
"Frontal_Orb_L_t_1","DVARS_t_1",0.01
"Frontal_Orb_L_t_1","Frontal_L_t_1",0.2
"Frontal_Orb_L_t_1","Frontal_Orb_L_t_0",1
"Frontal_Orb_L_t_1","Frontal_Orb_R_t_0",0.03
"Frontal_Orb_L_t_1","Frontal_Orb_R_t_1",0.98
"Frontal_Orb_L_t_1","Frontal_R_t_0",0.02
"Frontal_Orb_L_t_1","Frontal_R_t_1",0.64
"Frontal_Orb_L_t_1","Insula_L_t_1",0.1
"Frontal_Orb_L_t_1","Insula_R_t_1",0.18
"Frontal_Orb_L_t_1","Limbic_L_t_0",0.01
"Frontal_Orb_L_t_1","Limbic_L_t_1",0.61
"Frontal_Orb_L_t_1","Limbic_R_t_1",0.74
"Frontal_Orb_L_t_1","Motor_L_t_1",0.21
"Frontal_Orb_L_t_1","Motor_R_t_1",0.47
"Frontal_Orb_L_t_1","Occipital_L_t_1",0.49
"Frontal_Orb_L_t_1","Occipital_R_t_1",0.69
"Frontal_Orb_L_t_1","Parietal_L_t_0",0.01
"Frontal_Orb_L_t_1","Parietal_L_t_1",0.3
"Frontal_Orb_L_t_1","Parietal_R_t_0",0.01
"Frontal_Orb_L_t_1","Parietal_R_t_1",0.48
"Frontal_Orb_L_t_1","Temporal_L_t_0",0.02
"Frontal_Orb_L_t_1","Temporal_L_t_1",0.6
"Frontal_Orb_L_t_1","Temporal_R_t_1",0.44
"Frontal_Orb_L_t_1","Thalamus_L_t_1",0.46
"Frontal_Orb_L_t_1","Thalamus_R_t_1",0.6
"Frontal_Orb_L_t_1","Vermis_t_1",0.44
"Frontal_Orb_R_t_0","BasalGanglia_L_t_0",0.2
"Frontal_Orb_R_t_0","BasalGanglia_R_t_0",0.43
"Frontal_Orb_R_t_0","Cerebellum_L_t_0",0.23
"Frontal_Orb_R_t_0","Cerebellum_R_t_0",0.33
"Frontal_Orb_R_t_0","Cingulate_L_t_0",0.05
"Frontal_Orb_R_t_0","Cingulate_R_t_0",0.05
"Frontal_Orb_R_t_0","DVARS_t_0",0.03
"Frontal_Orb_R_t_0","Frontal_L_t_0",0.08
"Frontal_Orb_R_t_0","Frontal_Orb_L_t_0",0.02
"Frontal_Orb_R_t_0","Frontal_R_t_0",0.25
"Frontal_Orb_R_t_0","Insula_L_t_0",0.05
"Frontal_Orb_R_t_0","Insula_R_t_0",0.09
"Frontal_Orb_R_t_0","Limbic_L_t_0",0.39
"Frontal_Orb_R_t_0","Limbic_R_t_0",0.5
"Frontal_Orb_R_t_0","Motor_L_t_0",0.08
"Frontal_Orb_R_t_0","Motor_R_t_0",0.11
"Frontal_Orb_R_t_0","Occipital_L_t_0",0.32
"Frontal_Orb_R_t_0","Occipital_R_t_0",0.46
"Frontal_Orb_R_t_0","Parietal_L_t_0",0.11
"Frontal_Orb_R_t_0","Parietal_R_t_0",0.27
"Frontal_Orb_R_t_0","Temporal_L_t_0",0.39
"Frontal_Orb_R_t_0","Temporal_R_t_0",0.21
"Frontal_Orb_R_t_0","Thalamus_L_t_0",0.32
"Frontal_Orb_R_t_0","Thalamus_R_t_0",0.31
"Frontal_Orb_R_t_0","Vermis_t_0",0.3
"Frontal_Orb_R_t_1","BasalGanglia_L_t_1",0.2
"Frontal_Orb_R_t_1","BasalGanglia_R_t_1",0.43
"Frontal_Orb_R_t_1","Cerebellum_L_t_1",0.23
"Frontal_Orb_R_t_1","Cerebellum_R_t_1",0.33
"Frontal_Orb_R_t_1","Cingulate_L_t_1",0.05
"Frontal_Orb_R_t_1","Cingulate_R_t_1",0.05
"Frontal_Orb_R_t_1","DVARS_t_1",0.03
"Frontal_Orb_R_t_1","Frontal_L_t_1",0.08
"Frontal_Orb_R_t_1","Frontal_Orb_L_t_0",0.01
"Frontal_Orb_R_t_1","Frontal_Orb_L_t_1",0.02
"Frontal_Orb_R_t_1","Frontal_Orb_R_t_0",1
"Frontal_Orb_R_t_1","Frontal_R_t_1",0.25
"Frontal_Orb_R_t_1","Insula_L_t_1",0.05
"Frontal_Orb_R_t_1","Insula_R_t_1",0.09
"Frontal_Orb_R_t_1","Limbic_L_t_0",0.01
"Frontal_Orb_R_t_1","Limbic_L_t_1",0.39
"Frontal_Orb_R_t_1","Limbic_R_t_1",0.5
"Frontal_Orb_R_t_1","Motor_L_t_1",0.08
"Frontal_Orb_R_t_1","Motor_R_t_1",0.11
"Frontal_Orb_R_t_1","Occipital_L_t_1",0.32
"Frontal_Orb_R_t_1","Occipital_R_t_1",0.46
"Frontal_Orb_R_t_1","Parietal_L_t_1",0.11
"Frontal_Orb_R_t_1","Parietal_R_t_1",0.27
"Frontal_Orb_R_t_1","Temporal_L_t_1",0.39
"Frontal_Orb_R_t_1","Temporal_R_t_1",0.21
"Frontal_Orb_R_t_1","Thalamus_L_t_1",0.32
"Frontal_Orb_R_t_1","Thalamus_R_t_1",0.31
"Frontal_Orb_R_t_1","Vermis_t_1",0.3
"Frontal_R_t_0","BasalGanglia_L_t_0",0.31
"Frontal_R_t_0","BasalGanglia_R_t_0",0.49
"Frontal_R_t_0","Cerebellum_L_t_0",0.25
"Frontal_R_t_0","Cerebellum_R_t_0",0.45
"Frontal_R_t_0","Cingulate_L_t_0",0.08
"Frontal_R_t_0","Cingulate_R_t_0",0.1
"Frontal_R_t_0","DVARS_t_0",0.02
"Frontal_R_t_0","Frontal_L_t_0",0.05
"Frontal_R_t_0","Frontal_Orb_L_t_0",0.17
"Frontal_R_t_0","Frontal_Orb_R_t_0",0.75
"Frontal_R_t_0","Insula_L_t_0",0.09
"Frontal_R_t_0","Insula_R_t_0",0.16
"Frontal_R_t_0","Limbic_L_t_0",0.49
"Frontal_R_t_0","Limbic_R_t_0",0.68
"Frontal_R_t_0","Motor_L_t_0",0.07
"Frontal_R_t_0","Motor_R_t_0",0.14
"Frontal_R_t_0","Occipital_L_t_0",0.3
"Frontal_R_t_0","Occipital_R_t_0",0.44
"Frontal_R_t_0","Parietal_L_t_0",0.15
"Frontal_R_t_0","Parietal_R_t_0",0.33
"Frontal_R_t_0","Temporal_L_t_0",0.32
"Frontal_R_t_0","Temporal_R_t_0",0.24
"Frontal_R_t_0","Thalamus_L_t_0",0.34
"Frontal_R_t_0","Thalamus_R_t_0",0.5
"Frontal_R_t_0","Vermis_t_0",0.35
"Frontal_R_t_1","BasalGanglia_L_t_0",0.01
"Frontal_R_t_1","BasalGanglia_L_t_1",0.31
"Frontal_R_t_1","BasalGanglia_R_t_1",0.49
"Frontal_R_t_1","Cerebellum_L_t_1",0.25
"Frontal_R_t_1","Cerebellum_R_t_1",0.45
"Frontal_R_t_1","Cingulate_L_t_1",0.08
"Frontal_R_t_1","Cingulate_R_t_1",0.1
"Frontal_R_t_1","DVARS_t_1",0.02
"Frontal_R_t_1","Frontal_L_t_0",0.05
"Frontal_R_t_1","Frontal_L_t_1",0.05
"Frontal_R_t_1","Frontal_Orb_L_t_1",0.17
"Frontal_R_t_1","Frontal_Orb_R_t_1",0.75
"Frontal_R_t_1","Frontal_R_t_0",0.9
"Frontal_R_t_1","Insula_L_t_1",0.09
"Frontal_R_t_1","Insula_R_t_1",0.16
"Frontal_R_t_1","Limbic_L_t_1",0.49
"Frontal_R_t_1","Limbic_R_t_1",0.68
"Frontal_R_t_1","Motor_L_t_1",0.07
"Frontal_R_t_1","Motor_R_t_1",0.14
"Frontal_R_t_1","Occipital_L_t_0",0.01
"Frontal_R_t_1","Occipital_L_t_1",0.3
"Frontal_R_t_1","Occipital_R_t_1",0.44
"Frontal_R_t_1","Parietal_L_t_0",0.02
"Frontal_R_t_1","Parietal_L_t_1",0.15
"Frontal_R_t_1","Parietal_R_t_1",0.33
"Frontal_R_t_1","Temporal_L_t_1",0.32
"Frontal_R_t_1","Temporal_R_t_1",0.24
"Frontal_R_t_1","Thalamus_L_t_1",0.34
"Frontal_R_t_1","Thalamus_R_t_1",0.5
"Frontal_R_t_1","Vermis_t_1",0.35
"Insula_L_t_0","BasalGanglia_L_t_0",0.78
"Insula_L_t_0","BasalGanglia_R_t_0",0.9
"Insula_L_t_0","Cerebellum_L_t_0",0.43
"Insula_L_t_0","Cerebellum_R_t_0",0.57
"Insula_L_t_0","Cingulate_R_t_0",0.06
"Insula_L_t_0","DVARS_t_0",0.03
"Insula_L_t_0","Frontal_L_t_0",0.76
"Insula_L_t_0","Frontal_Orb_L_t_0",0.69
"Insula_L_t_0","Frontal_Orb_R_t_0",0.79
"Insula_L_t_0","Frontal_R_t_0",0.82
"Insula_L_t_0","Insula_R_t_0",0.46
"Insula_L_t_0","Limbic_L_t_0",0.68
"Insula_L_t_0","Limbic_R_t_0",0.73
"Insula_L_t_0","Motor_L_t_0",0.36
"Insula_L_t_0","Motor_R_t_0",0.7
"Insula_L_t_0","Occipital_L_t_0",0.51
"Insula_L_t_0","Occipital_R_t_0",0.77
"Insula_L_t_0","Parietal_L_t_0",0.4
"Insula_L_t_0","Parietal_R_t_0",0.6
"Insula_L_t_0","Temporal_L_t_0",0.91
"Insula_L_t_0","Temporal_R_t_0",0.71
"Insula_L_t_0","Thalamus_L_t_0",0.65
"Insula_L_t_0","Thalamus_R_t_0",0.52
"Insula_L_t_0","Vermis_t_0",0.54
"Insula_L_t_1","BasalGanglia_L_t_0",0.01
"Insula_L_t_1","BasalGanglia_L_t_1",0.78
"Insula_L_t_1","BasalGanglia_R_t_1",0.9
"Insula_L_t_1","Cerebellum_L_t_0",0.01
"Insula_L_t_1","Cerebellum_L_t_1",0.43
"Insula_L_t_1","Cerebellum_R_t_1",0.57
"Insula_L_t_1","Cingulate_L_t_0",0.28
"Insula_L_t_1","Cingulate_R_t_0",0.25
"Insula_L_t_1","Cingulate_R_t_1",0.06
"Insula_L_t_1","DVARS_t_1",0.03
"Insula_L_t_1","Frontal_L_t_0",0.01
"Insula_L_t_1","Frontal_L_t_1",0.76
"Insula_L_t_1","Frontal_Orb_L_t_0",0.02
"Insula_L_t_1","Frontal_Orb_L_t_1",0.69
"Insula_L_t_1","Frontal_Orb_R_t_0",0.02
"Insula_L_t_1","Frontal_Orb_R_t_1",0.79
"Insula_L_t_1","Frontal_R_t_0",0.04
"Insula_L_t_1","Frontal_R_t_1",0.82
"Insula_L_t_1","Insula_L_t_0",0.98
"Insula_L_t_1","Insula_R_t_0",0.07
"Insula_L_t_1","Insula_R_t_1",0.46
"Insula_L_t_1","Limbic_L_t_1",0.68
"Insula_L_t_1","Limbic_R_t_1",0.73
"Insula_L_t_1","Motor_L_t_0",0.01
"Insula_L_t_1","Motor_L_t_1",0.36
"Insula_L_t_1","Motor_R_t_0",0.01
"Insula_L_t_1","Motor_R_t_1",0.7
"Insula_L_t_1","Occipital_L_t_0",0.1
"Insula_L_t_1","Occipital_L_t_1",0.51
"Insula_L_t_1","Occipital_R_t_1",0.77
"Insula_L_t_1","Parietal_L_t_0",0.04
"Insula_L_t_1","Parietal_L_t_1",0.4
"Insula_L_t_1","Parietal_R_t_1",0.6
"Insula_L_t_1","Temporal_L_t_0",0.01
"Insula_L_t_1","Temporal_L_t_1",0.91
"Insula_L_t_1","Temporal_R_t_1",0.71
"Insula_L_t_1","Thalamus_L_t_0",0.05
"Insula_L_t_1","Thalamus_L_t_1",0.65
"Insula_L_t_1","Thalamus_R_t_0",0.03
"Insula_L_t_1","Thalamus_R_t_1",0.52
"Insula_L_t_1","Vermis_t_1",0.54
"Insula_R_t_0","BasalGanglia_L_t_0",0.68
"Insula_R_t_0","BasalGanglia_R_t_0",0.96
"Insula_R_t_0","Cerebellum_L_t_0",0.45
"Insula_R_t_0","Cerebellum_R_t_0",0.55
"Insula_R_t_0","Cingulate_R_t_0",0.01
"Insula_R_t_0","DVARS_t_0",0.05
"Insula_R_t_0","Frontal_L_t_0",0.59
"Insula_R_t_0","Frontal_Orb_L_t_0",0.56
"Insula_R_t_0","Frontal_Orb_R_t_0",0.64
"Insula_R_t_0","Frontal_R_t_0",0.76
"Insula_R_t_0","Insula_L_t_0",0.54
"Insula_R_t_0","Limbic_L_t_0",0.83
"Insula_R_t_0","Limbic_R_t_0",0.8
"Insula_R_t_0","Motor_L_t_0",0.35
"Insula_R_t_0","Motor_R_t_0",0.59
"Insula_R_t_0","Occipital_L_t_0",0.42
"Insula_R_t_0","Occipital_R_t_0",0.8
"Insula_R_t_0","Parietal_L_t_0",0.33
"Insula_R_t_0","Parietal_R_t_0",0.64
"Insula_R_t_0","Temporal_L_t_0",0.86
"Insula_R_t_0","Temporal_R_t_0",0.89
"Insula_R_t_0","Thalamus_L_t_0",0.51
"Insula_R_t_0","Thalamus_R_t_0",0.91
"Insula_R_t_0","Vermis_t_0",0.72
"Insula_R_t_1","BasalGanglia_L_t_1",0.68
"Insula_R_t_1","BasalGanglia_R_t_1",0.96
"Insula_R_t_1","Cerebellum_L_t_1",0.45
"Insula_R_t_1","Cerebellum_R_t_1",0.55
"Insula_R_t_1","Cingulate_L_t_0",0.16
"Insula_R_t_1","Cingulate_R_t_0",0.36
"Insula_R_t_1","Cingulate_R_t_1",0.01
"Insula_R_t_1","DVARS_t_1",0.05
"Insula_R_t_1","Frontal_L_t_1",0.59
"Insula_R_t_1","Frontal_Orb_L_t_1",0.56
"Insula_R_t_1","Frontal_Orb_R_t_1",0.64
"Insula_R_t_1","Frontal_R_t_0",0.01
"Insula_R_t_1","Frontal_R_t_1",0.76
"Insula_R_t_1","Insula_L_t_0",0.02
"Insula_R_t_1","Insula_L_t_1",0.54
"Insula_R_t_1","Insula_R_t_0",0.91
"Insula_R_t_1","Limbic_L_t_1",0.83
"Insula_R_t_1","Limbic_R_t_1",0.8
"Insula_R_t_1","Motor_L_t_0",0.03
"Insula_R_t_1","Motor_L_t_1",0.35
"Insula_R_t_1","Motor_R_t_1",0.59
"Insula_R_t_1","Occipital_L_t_0",0.02
"Insula_R_t_1","Occipital_L_t_1",0.42
"Insula_R_t_1","Occipital_R_t_0",0.03
"Insula_R_t_1","Occipital_R_t_1",0.8
"Insula_R_t_1","Parietal_L_t_0",0.07
"Insula_R_t_1","Parietal_L_t_1",0.33
"Insula_R_t_1","Parietal_R_t_0",0.05
"Insula_R_t_1","Parietal_R_t_1",0.64
"Insula_R_t_1","Temporal_L_t_1",0.86
"Insula_R_t_1","Temporal_R_t_0",0.01
"Insula_R_t_1","Temporal_R_t_1",0.89
"Insula_R_t_1","Thalamus_L_t_0",0.03
"Insula_R_t_1","Thalamus_L_t_1",0.51
"Insula_R_t_1","Thalamus_R_t_0",0.15
"Insula_R_t_1","Thalamus_R_t_1",0.91
"Insula_R_t_1","Vermis_t_0",0.01
"Insula_R_t_1","Vermis_t_1",0.72
"Limbic_L_t_0","BasalGanglia_L_t_0",0.38
"Limbic_L_t_0","BasalGanglia_R_t_0",0.6
"Limbic_L_t_0","Cerebellum_L_t_0",0.27
"Limbic_L_t_0","Cerebellum_R_t_0",0.4
"Limbic_L_t_0","Cingulate_R_t_0",0.01
"Limbic_L_t_0","Frontal_L_t_0",0.1
"Limbic_L_t_0","Frontal_Orb_L_t_0",0.11
"Limbic_L_t_0","Frontal_Orb_R_t_0",0.45
"Limbic_L_t_0","Frontal_R_t_0",0.34
"Limbic_L_t_0","Insula_L_t_0",0.07
"Limbic_L_t_0","Insula_R_t_0",0.03
"Limbic_L_t_0","Limbic_R_t_0",0.8
"Limbic_L_t_0","Motor_L_t_0",0.07
"Limbic_L_t_0","Motor_R_t_0",0.23
"Limbic_L_t_0","Occipital_L_t_0",0.27
"Limbic_L_t_0","Occipital_R_t_0",0.49
"Limbic_L_t_0","Parietal_L_t_0",0.07
"Limbic_L_t_0","Parietal_R_t_0",0.25
"Limbic_L_t_0","Temporal_L_t_0",0.04
"Limbic_L_t_0","Temporal_R_t_0",0.24
"Limbic_L_t_0","Thalamus_L_t_0",0.18
"Limbic_L_t_0","Thalamus_R_t_0",0.36
"Limbic_L_t_0","Vermis_t_0",0.51
"Limbic_L_t_1","BasalGanglia_L_t_0",0.02
"Limbic_L_t_1","BasalGanglia_L_t_1",0.38
"Limbic_L_t_1","BasalGanglia_R_t_0",0.01
"Limbic_L_t_1","BasalGanglia_R_t_1",0.6
"Limbic_L_t_1","Cerebellum_L_t_1",0.27
"Limbic_L_t_1","Cerebellum_R_t_0",0.01
"Limbic_L_t_1","Cerebellum_R_t_1",0.4
"Limbic_L_t_1","Cingulate_L_t_0",0.01
"Limbic_L_t_1","Cingulate_R_t_0",0.02
"Limbic_L_t_1","Cingulate_R_t_1",0.01
"Limbic_L_t_1","DVARS_t_0",0.02
"Limbic_L_t_1","Frontal_L_t_1",0.1
"Limbic_L_t_1","Frontal_Orb_L_t_1",0.11
"Limbic_L_t_1","Frontal_Orb_R_t_1",0.45
"Limbic_L_t_1","Frontal_R_t_0",0.04
"Limbic_L_t_1","Frontal_R_t_1",0.34
"Limbic_L_t_1","Insula_L_t_1",0.07
"Limbic_L_t_1","Insula_R_t_0",0.02
"Limbic_L_t_1","Insula_R_t_1",0.03
"Limbic_L_t_1","Limbic_L_t_0",1
"Limbic_L_t_1","Limbic_R_t_1",0.8
"Limbic_L_t_1","Motor_L_t_0",0.02
"Limbic_L_t_1","Motor_L_t_1",0.07
"Limbic_L_t_1","Motor_R_t_0",0.01
"Limbic_L_t_1","Motor_R_t_1",0.23
"Limbic_L_t_1","Occipital_L_t_1",0.27
"Limbic_L_t_1","Occipital_R_t_0",0.02
"Limbic_L_t_1","Occipital_R_t_1",0.49
"Limbic_L_t_1","Parietal_L_t_0",0.02
"Limbic_L_t_1","Parietal_L_t_1",0.07
"Limbic_L_t_1","Parietal_R_t_0",0.02
"Limbic_L_t_1","Parietal_R_t_1",0.25
"Limbic_L_t_1","Temporal_L_t_0",0.02
"Limbic_L_t_1","Temporal_L_t_1",0.04
"Limbic_L_t_1","Temporal_R_t_1",0.24
"Limbic_L_t_1","Thalamus_L_t_0",0.02
"Limbic_L_t_1","Thalamus_L_t_1",0.18
"Limbic_L_t_1","Thalamus_R_t_0",0.02
"Limbic_L_t_1","Thalamus_R_t_1",0.36
"Limbic_L_t_1","Vermis_t_1",0.51
"Limbic_R_t_0","BasalGanglia_L_t_0",0.13
"Limbic_R_t_0","BasalGanglia_R_t_0",0.45
"Limbic_R_t_0","Cerebellum_L_t_0",0.17
"Limbic_R_t_0","Cerebellum_R_t_0",0.21
"Limbic_R_t_0","Cingulate_L_t_0",0.01
"Limbic_R_t_0","Cingulate_R_t_0",0.01
"Limbic_R_t_0","DVARS_t_0",0.03
"Limbic_R_t_0","Frontal_L_t_0",0.07
"Limbic_R_t_0","Frontal_Orb_L_t_0",0.09
"Limbic_R_t_0","Frontal_Orb_R_t_0",0.32
"Limbic_R_t_0","Frontal_R_t_0",0.31
"Limbic_R_t_0","Insula_L_t_0",0.06
"Limbic_R_t_0","Insula_R_t_0",0.03
"Limbic_R_t_0","Limbic_L_t_0",0.2
"Limbic_R_t_0","Motor_L_t_0",0.06
"Limbic_R_t_0","Motor_R_t_0",0.19
"Limbic_R_t_0","Occipital_L_t_0",0.27
"Limbic_R_t_0","Occipital_R_t_0",0.44
"Limbic_R_t_0","Parietal_L_t_0",0.05
"Limbic_R_t_0","Parietal_R_t_0",0.31
"Limbic_R_t_0","Temporal_L_t_0",0.07
"Limbic_R_t_0","Temporal_R_t_0",0.09
"Limbic_R_t_0","Thalamus_L_t_0",0.13
"Limbic_R_t_0","Thalamus_R_t_0",0.41
"Limbic_R_t_0","Vermis_t_0",0.34
"Limbic_R_t_1","BasalGanglia_L_t_1",0.13
"Limbic_R_t_1","BasalGanglia_R_t_1",0.45
"Limbic_R_t_1","Cerebellum_L_t_1",0.17
"Limbic_R_t_1","Cerebellum_R_t_1",0.21
"Limbic_R_t_1","Cingulate_L_t_1",0.01
"Limbic_R_t_1","Cingulate_R_t_0",0.02
"Limbic_R_t_1","Cingulate_R_t_1",0.01
"Limbic_R_t_1","DVARS_t_1",0.03
"Limbic_R_t_1","Frontal_L_t_1",0.07
"Limbic_R_t_1","Frontal_Orb_L_t_1",0.09
"Limbic_R_t_1","Frontal_Orb_R_t_1",0.32
"Limbic_R_t_1","Frontal_R_t_0",0.01
"Limbic_R_t_1","Frontal_R_t_1",0.31
"Limbic_R_t_1","Insula_L_t_1",0.06
"Limbic_R_t_1","Insula_R_t_1",0.03
"Limbic_R_t_1","Limbic_L_t_0",0.01
"Limbic_R_t_1","Limbic_L_t_1",0.2
"Limbic_R_t_1","Limbic_R_t_0",1
"Limbic_R_t_1","Motor_L_t_0",0.01
"Limbic_R_t_1","Motor_L_t_1",0.06
"Limbic_R_t_1","Motor_R_t_1",0.19
"Limbic_R_t_1","Occipital_L_t_0",0.01
"Limbic_R_t_1","Occipital_L_t_1",0.27
"Limbic_R_t_1","Occipital_R_t_0",0.01
"Limbic_R_t_1","Occipital_R_t_1",0.44
"Limbic_R_t_1","Parietal_L_t_1",0.05
"Limbic_R_t_1","Parietal_R_t_0",0.01
"Limbic_R_t_1","Parietal_R_t_1",0.31
"Limbic_R_t_1","Temporal_L_t_1",0.07
"Limbic_R_t_1","Temporal_R_t_1",0.09
"Limbic_R_t_1","Thalamus_L_t_0",0.03
"Limbic_R_t_1","Thalamus_L_t_1",0.13
"Limbic_R_t_1","Thalamus_R_t_0",0.04
"Limbic_R_t_1","Thalamus_R_t_1",0.41
"Limbic_R_t_1","Vermis_t_0",0.01
"Limbic_R_t_1","Vermis_t_1",0.34
"Motor_L_t_0","BasalGanglia_L_t_0",0.6
"Motor_L_t_0","BasalGanglia_R_t_0",0.77
"Motor_L_t_0","Cerebellum_L_t_0",0.54
"Motor_L_t_0","Cerebellum_R_t_0",0.73
"Motor_L_t_0","Cingulate_L_t_0",0.3
"Motor_L_t_0","Cingulate_R_t_0",0.27
"Motor_L_t_0","DVARS_t_0",0.04
"Motor_L_t_0","Frontal_L_t_0",0.6
"Motor_L_t_0","Frontal_Orb_L_t_0",0.73
"Motor_L_t_0","Frontal_Orb_R_t_0",0.81
"Motor_L_t_0","Frontal_R_t_0",0.88
"Motor_L_t_0","Insula_L_t_0",0.53
"Motor_L_t_0","Insula_R_t_0",0.55
"Motor_L_t_0","Limbic_L_t_0",0.66
"Motor_L_t_0","Limbic_R_t_0",0.76
"Motor_L_t_0","Motor_R_t_0",1
"Motor_L_t_0","Occipital_L_t_0",0.7
"Motor_L_t_0","Occipital_R_t_0",0.73
"Motor_L_t_0","Parietal_L_t_0",0.71
"Motor_L_t_0","Parietal_R_t_0",0.87
"Motor_L_t_0","Temporal_L_t_0",0.57
"Motor_L_t_0","Temporal_R_t_0",0.6
"Motor_L_t_0","Thalamus_L_t_0",0.64
"Motor_L_t_0","Thalamus_R_t_0",0.74
"Motor_L_t_0","Vermis_t_0",0.45
"Motor_L_t_1","BasalGanglia_L_t_0",0.01
"Motor_L_t_1","BasalGanglia_L_t_1",0.6
"Motor_L_t_1","BasalGanglia_R_t_1",0.77
"Motor_L_t_1","Cerebellum_L_t_1",0.54
"Motor_L_t_1","Cerebellum_R_t_1",0.73
"Motor_L_t_1","Cingulate_L_t_0",0.04
"Motor_L_t_1","Cingulate_L_t_1",0.3
"Motor_L_t_1","Cingulate_R_t_0",0.03
"Motor_L_t_1","Cingulate_R_t_1",0.27
"Motor_L_t_1","DVARS_t_1",0.04
"Motor_L_t_1","Frontal_L_t_0",0.01
"Motor_L_t_1","Frontal_L_t_1",0.6
"Motor_L_t_1","Frontal_Orb_L_t_0",0.01
"Motor_L_t_1","Frontal_Orb_L_t_1",0.73
"Motor_L_t_1","Frontal_Orb_R_t_1",0.81
"Motor_L_t_1","Frontal_R_t_0",0.01
"Motor_L_t_1","Frontal_R_t_1",0.88
"Motor_L_t_1","Insula_L_t_0",0.01
"Motor_L_t_1","Insula_L_t_1",0.53
"Motor_L_t_1","Insula_R_t_1",0.55
"Motor_L_t_1","Limbic_L_t_0",0.02
"Motor_L_t_1","Limbic_L_t_1",0.66
"Motor_L_t_1","Limbic_R_t_1",0.76
"Motor_L_t_1","Motor_L_t_0",0.98
"Motor_L_t_1","Motor_R_t_0",0.01
"Motor_L_t_1","Motor_R_t_1",1
"Motor_L_t_1","Occipital_L_t_0",0.01
"Motor_L_t_1","Occipital_L_t_1",0.7
"Motor_L_t_1","Occipital_R_t_1",0.73
"Motor_L_t_1","Parietal_L_t_0",0.1
"Motor_L_t_1","Parietal_L_t_1",0.71
"Motor_L_t_1","Parietal_R_t_0",0.01
"Motor_L_t_1","Parietal_R_t_1",0.87
"Motor_L_t_1","Temporal_L_t_0",0.01
"Motor_L_t_1","Temporal_L_t_1",0.57
"Motor_L_t_1","Temporal_R_t_1",0.6
"Motor_L_t_1","Thalamus_L_t_0",0.03
"Motor_L_t_1","Thalamus_L_t_1",0.64
"Motor_L_t_1","Thalamus_R_t_0",0.02
"Motor_L_t_1","Thalamus_R_t_1",0.74
"Motor_L_t_1","Vermis_t_1",0.45
"Motor_R_t_0","BasalGanglia_L_t_0",0.43
"Motor_R_t_0","BasalGanglia_R_t_0",0.63
"Motor_R_t_0","Cerebellum_L_t_0",0.43
"Motor_R_t_0","Cerebellum_R_t_0",0.54
"Motor_R_t_0","Cingulate_L_t_0",0.16
"Motor_R_t_0","Cingulate_R_t_0",0.12
"Motor_R_t_0","DVARS_t_0",0.14
"Motor_R_t_0","Frontal_L_t_0",0.32
"Motor_R_t_0","Frontal_Orb_L_t_0",0.42
"Motor_R_t_0","Frontal_Orb_R_t_0",0.72
"Motor_R_t_0","Frontal_R_t_0",0.86
"Motor_R_t_0","Insula_L_t_0",0.28
"Motor_R_t_0","Insula_R_t_0",0.4
"Motor_R_t_0","Limbic_L_t_0",0.62
"Motor_R_t_0","Limbic_R_t_0",0.75
"Motor_R_t_0","Occipital_L_t_0",0.6
"Motor_R_t_0","Occipital_R_t_0",0.79
"Motor_R_t_0","Parietal_L_t_0",0.45
"Motor_R_t_0","Parietal_R_t_0",0.98
"Motor_R_t_0","Temporal_L_t_0",0.44
"Motor_R_t_0","Temporal_R_t_0",0.38
"Motor_R_t_0","Thalamus_L_t_0",0.41
"Motor_R_t_0","Thalamus_R_t_0",0.53
"Motor_R_t_0","Vermis_t_0",0.36
"Motor_R_t_1","BasalGanglia_L_t_1",0.43
"Motor_R_t_1","BasalGanglia_R_t_1",0.63
"Motor_R_t_1","Cerebellum_L_t_0",0.02
"Motor_R_t_1","Cerebellum_L_t_1",0.43
"Motor_R_t_1","Cerebellum_R_t_1",0.54
"Motor_R_t_1","Cingulate_L_t_0",0.01
"Motor_R_t_1","Cingulate_L_t_1",0.16
"Motor_R_t_1","Cingulate_R_t_0",0.04
"Motor_R_t_1","Cingulate_R_t_1",0.12
"Motor_R_t_1","DVARS_t_1",0.14
"Motor_R_t_1","Frontal_L_t_1",0.32
"Motor_R_t_1","Frontal_Orb_L_t_1",0.42
"Motor_R_t_1","Frontal_Orb_R_t_0",0.01
"Motor_R_t_1","Frontal_Orb_R_t_1",0.72
"Motor_R_t_1","Frontal_R_t_0",0.03
"Motor_R_t_1","Frontal_R_t_1",0.86
"Motor_R_t_1","Insula_L_t_0",0.03
"Motor_R_t_1","Insula_L_t_1",0.28
"Motor_R_t_1","Insula_R_t_0",0.02
"Motor_R_t_1","Insula_R_t_1",0.4
"Motor_R_t_1","Limbic_L_t_1",0.62
"Motor_R_t_1","Limbic_R_t_0",0.01
"Motor_R_t_1","Limbic_R_t_1",0.75
"Motor_R_t_1","Motor_L_t_0",0.02
"Motor_R_t_1","Motor_R_t_0",0.99
"Motor_R_t_1","Occipital_L_t_0",0.02
"Motor_R_t_1","Occipital_L_t_1",0.6
"Motor_R_t_1","Occipital_R_t_0",0.03
"Motor_R_t_1","Occipital_R_t_1",0.79
"Motor_R_t_1","Parietal_L_t_0",0.01
"Motor_R_t_1","Parietal_L_t_1",0.45
"Motor_R_t_1","Parietal_R_t_0",0.69
"Motor_R_t_1","Parietal_R_t_1",0.98
"Motor_R_t_1","Temporal_L_t_0",0.01
"Motor_R_t_1","Temporal_L_t_1",0.44
"Motor_R_t_1","Temporal_R_t_0",0.04
"Motor_R_t_1","Temporal_R_t_1",0.38
"Motor_R_t_1","Thalamus_L_t_0",0.02
"Motor_R_t_1","Thalamus_L_t_1",0.41
"Motor_R_t_1","Thalamus_R_t_0",0.01
"Motor_R_t_1","Thalamus_R_t_1",0.53
"Motor_R_t_1","Vermis_t_0",0.02
"Motor_R_t_1","Vermis_t_1",0.36
"Occipital_L_t_0","BasalGanglia_L_t_0",0.48
"Occipital_L_t_0","BasalGanglia_R_t_0",0.49
"Occipital_L_t_0","Cerebellum_L_t_0",0.56
"Occipital_L_t_0","Cerebellum_R_t_0",0.59
"Occipital_L_t_0","Cingulate_L_t_0",0.13
"Occipital_L_t_0","Cingulate_R_t_0",0.16
"Occipital_L_t_0","DVARS_t_0",0.18
"Occipital_L_t_0","Frontal_L_t_0",0.3
"Occipital_L_t_0","Frontal_Orb_L_t_0",0.37
"Occipital_L_t_0","Frontal_Orb_R_t_0",0.57
"Occipital_L_t_0","Frontal_R_t_0",0.49
"Occipital_L_t_0","Insula_L_t_0",0.23
"Occipital_L_t_0","Insula_R_t_0",0.31
"Occipital_L_t_0","Limbic_L_t_0",0.57
"Occipital_L_t_0","Limbic_R_t_0",0.67
"Occipital_L_t_0","Motor_L_t_0",0.11
"Occipital_L_t_0","Motor_R_t_0",0.29
"Occipital_L_t_0","Occipital_R_t_0",0.99
"Occipital_L_t_0","Parietal_L_t_0",0.03
"Occipital_L_t_0","Parietal_R_t_0",0.49
"Occipital_L_t_0","Temporal_L_t_0",0.43
"Occipital_L_t_0","Temporal_R_t_0",0.4
"Occipital_L_t_0","Thalamus_L_t_0",0.38
"Occipital_L_t_0","Thalamus_R_t_0",0.47
"Occipital_L_t_0","Vermis_t_0",0.53
"Occipital_L_t_1","BasalGanglia_L_t_0",0.01
"Occipital_L_t_1","BasalGanglia_L_t_1",0.48
"Occipital_L_t_1","BasalGanglia_R_t_1",0.49
"Occipital_L_t_1","Cerebellum_L_t_0",0.01
"Occipital_L_t_1","Cerebellum_L_t_1",0.56
"Occipital_L_t_1","Cerebellum_R_t_0",0.03
"Occipital_L_t_1","Cerebellum_R_t_1",0.59
"Occipital_L_t_1","Cingulate_L_t_1",0.13
"Occipital_L_t_1","Cingulate_R_t_1",0.16
"Occipital_L_t_1","DVARS_t_1",0.18
"Occipital_L_t_1","Frontal_L_t_0",0.01
"Occipital_L_t_1","Frontal_L_t_1",0.3
"Occipital_L_t_1","Frontal_Orb_L_t_0",0.01
"Occipital_L_t_1","Frontal_Orb_L_t_1",0.37
"Occipital_L_t_1","Frontal_Orb_R_t_0",0.01
"Occipital_L_t_1","Frontal_Orb_R_t_1",0.57
"Occipital_L_t_1","Frontal_R_t_1",0.49
"Occipital_L_t_1","Insula_L_t_0",0.02
"Occipital_L_t_1","Insula_L_t_1",0.23
"Occipital_L_t_1","Insula_R_t_0",0.01
"Occipital_L_t_1","Insula_R_t_1",0.31
"Occipital_L_t_1","Limbic_L_t_1",0.57
"Occipital_L_t_1","Limbic_R_t_1",0.67
"Occipital_L_t_1","Motor_L_t_1",0.11
"Occipital_L_t_1","Motor_R_t_0",0.01
"Occipital_L_t_1","Motor_R_t_1",0.29
"Occipital_L_t_1","Occipital_L_t_0",0.85
"Occipital_L_t_1","Occipital_R_t_0",0.02
"Occipital_L_t_1","Occipital_R_t_1",0.99
"Occipital_L_t_1","Parietal_L_t_1",0.03
"Occipital_L_t_1","Parietal_R_t_0",0.01
"Occipital_L_t_1","Parietal_R_t_1",0.49
"Occipital_L_t_1","Temporal_L_t_0",0.01
"Occipital_L_t_1","Temporal_L_t_1",0.43
"Occipital_L_t_1","Temporal_R_t_0",0.03
"Occipital_L_t_1","Temporal_R_t_1",0.4
"Occipital_L_t_1","Thalamus_L_t_0",0.01
"Occipital_L_t_1","Thalamus_L_t_1",0.38
"Occipital_L_t_1","Thalamus_R_t_1",0.47
"Occipital_L_t_1","Vermis_t_0",0.01
"Occipital_L_t_1","Vermis_t_1",0.53
"Occipital_R_t_0","BasalGanglia_L_t_0",0.25
"Occipital_R_t_0","BasalGanglia_R_t_0",0.38
"Occipital_R_t_0","Cerebellum_L_t_0",0.28
"Occipital_R_t_0","Cerebellum_R_t_0",0.43
"Occipital_R_t_0","Cingulate_L_t_0",0.03
"Occipital_R_t_0","Cingulate_R_t_0",0.03
"Occipital_R_t_0","DVARS_t_0",0.05
"Occipital_R_t_0","Frontal_L_t_0",0.14
"Occipital_R_t_0","Frontal_Orb_L_t_0",0.16
"Occipital_R_t_0","Frontal_Orb_R_t_0",0.42
"Occipital_R_t_0","Frontal_R_t_0",0.36
"Occipital_R_t_0","Insula_L_t_0",0.11
"Occipital_R_t_0","Insula_R_t_0",0.09
"Occipital_R_t_0","Limbic_L_t_0",0.28
"Occipital_R_t_0","Limbic_R_t_0",0.37
"Occipital_R_t_0","Motor_L_t_0",0.04
"Occipital_R_t_0","Motor_R_t_0",0.07
"Occipital_R_t_0","Occipital_L_t_0",0.01
"Occipital_R_t_0","Parietal_L_t_0",0.02
"Occipital_R_t_0","Parietal_R_t_0",0.41
"Occipital_R_t_0","Temporal_L_t_0",0.2
"Occipital_R_t_0","Temporal_R_t_0",0.09
"Occipital_R_t_0","Thalamus_L_t_0",0.22
"Occipital_R_t_0","Thalamus_R_t_0",0.34
"Occipital_R_t_0","Vermis_t_0",0.62
"Occipital_R_t_1","BasalGanglia_L_t_1",0.25
"Occipital_R_t_1","BasalGanglia_R_t_1",0.38
"Occipital_R_t_1","Cerebellum_L_t_1",0.28
"Occipital_R_t_1","Cerebellum_R_t_1",0.43
"Occipital_R_t_1","Cingulate_L_t_0",0.01
"Occipital_R_t_1","Cingulate_L_t_1",0.03
"Occipital_R_t_1","Cingulate_R_t_0",0.01
"Occipital_R_t_1","Cingulate_R_t_1",0.03
"Occipital_R_t_1","DVARS_t_0",0.01
"Occipital_R_t_1","DVARS_t_1",0.05
"Occipital_R_t_1","Frontal_L_t_1",0.14
"Occipital_R_t_1","Frontal_Orb_L_t_1",0.16
"Occipital_R_t_1","Frontal_Orb_R_t_1",0.42
"Occipital_R_t_1","Frontal_R_t_1",0.36
"Occipital_R_t_1","Insula_L_t_1",0.11
"Occipital_R_t_1","Insula_R_t_0",0.01
"Occipital_R_t_1","Insula_R_t_1",0.09
"Occipital_R_t_1","Limbic_L_t_1",0.28
"Occipital_R_t_1","Limbic_R_t_1",0.37
"Occipital_R_t_1","Motor_L_t_0",0.01
"Occipital_R_t_1","Motor_L_t_1",0.04
"Occipital_R_t_1","Motor_R_t_0",0.02
"Occipital_R_t_1","Motor_R_t_1",0.07
"Occipital_R_t_1","Occipital_L_t_0",0.12
"Occipital_R_t_1","Occipital_L_t_1",0.01
"Occipital_R_t_1","Occipital_R_t_0",0.97
"Occipital_R_t_1","Parietal_L_t_0",0.01
"Occipital_R_t_1","Parietal_L_t_1",0.02
"Occipital_R_t_1","Parietal_R_t_0",0.02
"Occipital_R_t_1","Parietal_R_t_1",0.41
"Occipital_R_t_1","Temporal_L_t_1",0.2
"Occipital_R_t_1","Temporal_R_t_1",0.09
"Occipital_R_t_1","Thalamus_L_t_1",0.22
"Occipital_R_t_1","Thalamus_R_t_1",0.34
"Occipital_R_t_1","Vermis_t_1",0.62
"Parietal_L_t_0","BasalGanglia_L_t_0",0.68
"Parietal_L_t_0","BasalGanglia_R_t_0",0.53
"Parietal_L_t_0","Cerebellum_L_t_0",0.56
"Parietal_L_t_0","Cerebellum_R_t_0",0.61
"Parietal_L_t_0","Cingulate_L_t_0",0.44
"Parietal_L_t_0","Cingulate_R_t_0",0.44
"Parietal_L_t_0","DVARS_t_0",0.1
"Parietal_L_t_0","Frontal_L_t_0",0.54
"Parietal_L_t_0","Frontal_Orb_L_t_0",0.49
"Parietal_L_t_0","Frontal_Orb_R_t_0",0.62
"Parietal_L_t_0","Frontal_R_t_0",0.71
"Parietal_L_t_0","Insula_L_t_0",0.41
"Parietal_L_t_0","Insula_R_t_0",0.47
"Parietal_L_t_0","Limbic_L_t_0",0.75
"Parietal_L_t_0","Limbic_R_t_0",0.86
"Parietal_L_t_0","Motor_L_t_0",0.29
"Parietal_L_t_0","Motor_R_t_0",0.4
"Parietal_L_t_0","Occipital_L_t_0",0.97
"Parietal_L_t_0","Occipital_R_t_0",0.96
"Parietal_L_t_0","Parietal_R_t_0",0.58
"Parietal_L_t_0","Temporal_L_t_0",0.67
"Parietal_L_t_0","Temporal_R_t_0",0.6
"Parietal_L_t_0","Thalamus_L_t_0",0.65
"Parietal_L_t_0","Thalamus_R_t_0",0.74
"Parietal_L_t_0","Vermis_t_0",0.55
"Parietal_L_t_1","BasalGanglia_L_t_1",0.68
"Parietal_L_t_1","BasalGanglia_R_t_1",0.53
"Parietal_L_t_1","Cerebellum_L_t_1",0.56
"Parietal_L_t_1","Cerebellum_R_t_1",0.61
"Parietal_L_t_1","Cingulate_L_t_1",0.44
"Parietal_L_t_1","Cingulate_R_t_0",0.01
"Parietal_L_t_1","Cingulate_R_t_1",0.44
"Parietal_L_t_1","DVARS_t_0",0.01
"Parietal_L_t_1","DVARS_t_1",0.1
"Parietal_L_t_1","Frontal_L_t_0",0.01
"Parietal_L_t_1","Frontal_L_t_1",0.54
"Parietal_L_t_1","Frontal_Orb_L_t_1",0.49
"Parietal_L_t_1","Frontal_Orb_R_t_1",0.62
"Parietal_L_t_1","Frontal_R_t_0",0.03
"Parietal_L_t_1","Frontal_R_t_1",0.71
"Parietal_L_t_1","Insula_L_t_0",0.01
"Parietal_L_t_1","Insula_L_t_1",0.41
"Parietal_L_t_1","Insula_R_t_0",0.01
"Parietal_L_t_1","Insula_R_t_1",0.47
"Parietal_L_t_1","Limbic_L_t_1",0.75
"Parietal_L_t_1","Limbic_R_t_1",0.86
"Parietal_L_t_1","Motor_L_t_0",0.02
"Parietal_L_t_1","Motor_L_t_1",0.29
"Parietal_L_t_1","Motor_R_t_1",0.4
"Parietal_L_t_1","Occipital_L_t_0",0.06
"Parietal_L_t_1","Occipital_L_t_1",0.97
"Parietal_L_t_1","Occipital_R_t_1",0.96
"Parietal_L_t_1","Parietal_L_t_0",0.89
"Parietal_L_t_1","Parietal_R_t_1",0.58
"Parietal_L_t_1","Temporal_L_t_1",0.67
"Parietal_L_t_1","Temporal_R_t_1",0.6
"Parietal_L_t_1","Thalamus_L_t_1",0.65
"Parietal_L_t_1","Thalamus_R_t_1",0.74
"Parietal_L_t_1","Vermis_t_1",0.55
"Parietal_R_t_0","BasalGanglia_L_t_0",0.37
"Parietal_R_t_0","BasalGanglia_R_t_0",0.52
"Parietal_R_t_0","Cerebellum_L_t_0",0.35
"Parietal_R_t_0","Cerebellum_R_t_0",0.37
"Parietal_R_t_0","Cingulate_L_t_0",0.17
"Parietal_R_t_0","Cingulate_R_t_0",0.18
"Parietal_R_t_0","DVARS_t_0",0.04
"Parietal_R_t_0","Frontal_L_t_0",0.25
"Parietal_R_t_0","Frontal_Orb_L_t_0",0.29
"Parietal_R_t_0","Frontal_Orb_R_t_0",0.54
"Parietal_R_t_0","Frontal_R_t_0",0.66
"Parietal_R_t_0","Insula_L_t_0",0.19
"Parietal_R_t_0","Insula_R_t_0",0.16
"Parietal_R_t_0","Limbic_L_t_0",0.42
"Parietal_R_t_0","Limbic_R_t_0",0.57
"Parietal_R_t_0","Motor_R_t_0",0.02
"Parietal_R_t_0","Occipital_L_t_0",0.44
"Parietal_R_t_0","Occipital_R_t_0",0.59
"Parietal_R_t_0","Parietal_L_t_0",0.42
"Parietal_R_t_0","Temporal_L_t_0",0.36
"Parietal_R_t_0","Temporal_R_t_0",0.3
"Parietal_R_t_0","Thalamus_L_t_0",0.35
"Parietal_R_t_0","Thalamus_R_t_0",0.61
"Parietal_R_t_0","Vermis_t_0",0.46
"Parietal_R_t_1","BasalGanglia_L_t_0",0.01
"Parietal_R_t_1","BasalGanglia_L_t_1",0.37
"Parietal_R_t_1","BasalGanglia_R_t_0",0.01
"Parietal_R_t_1","BasalGanglia_R_t_1",0.52
"Parietal_R_t_1","Cerebellum_L_t_0",0.01
"Parietal_R_t_1","Cerebellum_L_t_1",0.35
"Parietal_R_t_1","Cerebellum_R_t_1",0.37
"Parietal_R_t_1","Cingulate_L_t_0",0.01
"Parietal_R_t_1","Cingulate_L_t_1",0.17
"Parietal_R_t_1","Cingulate_R_t_1",0.18
"Parietal_R_t_1","DVARS_t_1",0.04
"Parietal_R_t_1","Frontal_L_t_1",0.25
"Parietal_R_t_1","Frontal_Orb_L_t_0",0.01
"Parietal_R_t_1","Frontal_Orb_L_t_1",0.29
"Parietal_R_t_1","Frontal_Orb_R_t_1",0.54
"Parietal_R_t_1","Frontal_R_t_0",0.01
"Parietal_R_t_1","Frontal_R_t_1",0.66
"Parietal_R_t_1","Insula_L_t_0",0.03
"Parietal_R_t_1","Insula_L_t_1",0.19
"Parietal_R_t_1","Insula_R_t_0",0.04
"Parietal_R_t_1","Insula_R_t_1",0.16
"Parietal_R_t_1","Limbic_L_t_0",0.03
"Parietal_R_t_1","Limbic_L_t_1",0.42
"Parietal_R_t_1","Limbic_R_t_0",0.01
"Parietal_R_t_1","Limbic_R_t_1",0.57
"Parietal_R_t_1","Motor_L_t_0",0.08
"Parietal_R_t_1","Motor_R_t_0",0.3
"Parietal_R_t_1","Motor_R_t_1",0.02
"Parietal_R_t_1","Occipital_L_t_0",0.01
"Parietal_R_t_1","Occipital_L_t_1",0.44
"Parietal_R_t_1","Occipital_R_t_0",0.02
"Parietal_R_t_1","Occipital_R_t_1",0.59
"Parietal_R_t_1","Parietal_L_t_0",0.01
"Parietal_R_t_1","Parietal_L_t_1",0.42
"Parietal_R_t_1","Parietal_R_t_0",0.25
"Parietal_R_t_1","Temporal_L_t_1",0.36
"Parietal_R_t_1","Temporal_R_t_0",0.07
"Parietal_R_t_1","Temporal_R_t_1",0.3
"Parietal_R_t_1","Thalamus_L_t_0",0.01
"Parietal_R_t_1","Thalamus_L_t_1",0.35
"Parietal_R_t_1","Thalamus_R_t_1",0.61
"Parietal_R_t_1","Vermis_t_0",0.02
"Parietal_R_t_1","Vermis_t_1",0.46
"Temporal_L_t_0","BasalGanglia_L_t_0",0.45
"Temporal_L_t_0","BasalGanglia_R_t_0",0.66
"Temporal_L_t_0","Cerebellum_L_t_0",0.44
"Temporal_L_t_0","Cerebellum_R_t_0",0.47
"Temporal_L_t_0","Cingulate_L_t_0",0.02
"Temporal_L_t_0","Cingulate_R_t_0",0.01
"Temporal_L_t_0","DVARS_t_0",0.07
"Temporal_L_t_0","Frontal_L_t_0",0.11
"Temporal_L_t_0","Frontal_Orb_L_t_0",0.28
"Temporal_L_t_0","Frontal_Orb_R_t_0",0.56
"Temporal_L_t_0","Frontal_R_t_0",0.41
"Temporal_L_t_0","Insula_L_t_0",0.08
"Temporal_L_t_0","Insula_R_t_0",0.1
"Temporal_L_t_0","Limbic_L_t_0",0.95
"Temporal_L_t_0","Limbic_R_t_0",0.68
"Temporal_L_t_0","Motor_L_t_0",0.18
"Temporal_L_t_0","Motor_R_t_0",0.33
"Temporal_L_t_0","Occipital_L_t_0",0.43
"Temporal_L_t_0","Occipital_R_t_0",0.72
"Temporal_L_t_0","Parietal_L_t_0",0.17
"Temporal_L_t_0","Parietal_R_t_0",0.47
"Temporal_L_t_0","Temporal_R_t_0",0.46
"Temporal_L_t_0","Thalamus_L_t_0",0.29
"Temporal_L_t_0","Thalamus_R_t_0",0.66
"Temporal_L_t_0","Vermis_t_0",0.44
"Temporal_L_t_1","BasalGanglia_L_t_1",0.45
"Temporal_L_t_1","BasalGanglia_R_t_1",0.66
"Temporal_L_t_1","Cerebellum_L_t_1",0.44
"Temporal_L_t_1","Cerebellum_R_t_1",0.47
"Temporal_L_t_1","Cingulate_L_t_1",0.02
"Temporal_L_t_1","Cingulate_R_t_1",0.01
"Temporal_L_t_1","DVARS_t_0",0.01
"Temporal_L_t_1","DVARS_t_1",0.07
"Temporal_L_t_1","Frontal_L_t_1",0.11
"Temporal_L_t_1","Frontal_Orb_L_t_1",0.28
"Temporal_L_t_1","Frontal_Orb_R_t_1",0.56
"Temporal_L_t_1","Frontal_R_t_0",0.01
"Temporal_L_t_1","Frontal_R_t_1",0.41
"Temporal_L_t_1","Insula_L_t_1",0.08
"Temporal_L_t_1","Insula_R_t_1",0.1
"Temporal_L_t_1","Limbic_L_t_1",0.95
"Temporal_L_t_1","Limbic_R_t_1",0.68
"Temporal_L_t_1","Motor_L_t_1",0.18
"Temporal_L_t_1","Motor_R_t_1",0.33
"Temporal_L_t_1","Occipital_L_t_1",0.43
"Temporal_L_t_1","Occipital_R_t_1",0.72
"Temporal_L_t_1","Parietal_L_t_1",0.17
"Temporal_L_t_1","Parietal_R_t_1",0.47
"Temporal_L_t_1","Temporal_L_t_0",0.97
"Temporal_L_t_1","Temporal_R_t_0",0.02
"Temporal_L_t_1","Temporal_R_t_1",0.46
"Temporal_L_t_1","Thalamus_L_t_1",0.29
"Temporal_L_t_1","Thalamus_R_t_1",0.66
"Temporal_L_t_1","Vermis_t_1",0.44
"Temporal_R_t_0","BasalGanglia_L_t_0",0.54
"Temporal_R_t_0","BasalGanglia_R_t_0",0.56
"Temporal_R_t_0","Cerebellum_L_t_0",0.33
"Temporal_R_t_0","Cerebellum_R_t_0",0.59
"Temporal_R_t_0","Cingulate_L_t_0",0.02
"Temporal_R_t_0","Cingulate_R_t_0",0.02
"Temporal_R_t_0","DVARS_t_0",0.02
"Temporal_R_t_0","Frontal_L_t_0",0.3
"Temporal_R_t_0","Frontal_Orb_L_t_0",0.41
"Temporal_R_t_0","Frontal_Orb_R_t_0",0.58
"Temporal_R_t_0","Frontal_R_t_0",0.52
"Temporal_R_t_0","Insula_L_t_0",0.21
"Temporal_R_t_0","Insula_R_t_0",0.11
"Temporal_R_t_0","Limbic_L_t_0",0.65
"Temporal_R_t_0","Limbic_R_t_0",0.88
"Temporal_R_t_0","Motor_L_t_0",0.21
"Temporal_R_t_0","Motor_R_t_0",0.47
"Temporal_R_t_0","Occipital_L_t_0",0.5
"Temporal_R_t_0","Occipital_R_t_0",0.91
"Temporal_R_t_0","Parietal_L_t_0",0.28
"Temporal_R_t_0","Parietal_R_t_0",0.5
"Temporal_R_t_0","Temporal_L_t_0",0.54
"Temporal_R_t_0","Thalamus_L_t_0",0.32
"Temporal_R_t_0","Thalamus_R_t_0",0.72
"Temporal_R_t_0","Vermis_t_0",0.56
"Temporal_R_t_1","BasalGanglia_L_t_1",0.54
"Temporal_R_t_1","BasalGanglia_R_t_1",0.56
"Temporal_R_t_1","Cerebellum_L_t_0",0.06
"Temporal_R_t_1","Cerebellum_L_t_1",0.33
"Temporal_R_t_1","Cerebellum_R_t_1",0.59
"Temporal_R_t_1","Cingulate_L_t_0",0.04
"Temporal_R_t_1","Cingulate_L_t_1",0.02
"Temporal_R_t_1","Cingulate_R_t_0",0.05
"Temporal_R_t_1","Cingulate_R_t_1",0.02
"Temporal_R_t_1","DVARS_t_0",0.01
"Temporal_R_t_1","DVARS_t_1",0.02
"Temporal_R_t_1","Frontal_L_t_0",0.01
"Temporal_R_t_1","Frontal_L_t_1",0.3
"Temporal_R_t_1","Frontal_Orb_L_t_0",0.01
"Temporal_R_t_1","Frontal_Orb_L_t_1",0.41
"Temporal_R_t_1","Frontal_Orb_R_t_1",0.58
"Temporal_R_t_1","Frontal_R_t_1",0.52
"Temporal_R_t_1","Insula_L_t_0",0.02
"Temporal_R_t_1","Insula_L_t_1",0.21
"Temporal_R_t_1","Insula_R_t_0",0.06
"Temporal_R_t_1","Insula_R_t_1",0.11
"Temporal_R_t_1","Limbic_L_t_0",0.01
"Temporal_R_t_1","Limbic_L_t_1",0.65
"Temporal_R_t_1","Limbic_R_t_0",0.01
"Temporal_R_t_1","Limbic_R_t_1",0.88
"Temporal_R_t_1","Motor_L_t_0",0.03
"Temporal_R_t_1","Motor_L_t_1",0.21
"Temporal_R_t_1","Motor_R_t_0",0.04
"Temporal_R_t_1","Motor_R_t_1",0.47
"Temporal_R_t_1","Occipital_L_t_0",0.06
"Temporal_R_t_1","Occipital_L_t_1",0.5
"Temporal_R_t_1","Occipital_R_t_0",0.1
"Temporal_R_t_1","Occipital_R_t_1",0.91
"Temporal_R_t_1","Parietal_L_t_0",0.01
"Temporal_R_t_1","Parietal_L_t_1",0.28
"Temporal_R_t_1","Parietal_R_t_0",0.11
"Temporal_R_t_1","Parietal_R_t_1",0.5
"Temporal_R_t_1","Temporal_L_t_0",0.04
"Temporal_R_t_1","Temporal_L_t_1",0.54
"Temporal_R_t_1","Temporal_R_t_0",1
"Temporal_R_t_1","Thalamus_L_t_0",0.03
"Temporal_R_t_1","Thalamus_L_t_1",0.32
"Temporal_R_t_1","Thalamus_R_t_0",0.04
"Temporal_R_t_1","Thalamus_R_t_1",0.72
"Temporal_R_t_1","Vermis_t_0",0.05
"Temporal_R_t_1","Vermis_t_1",0.56
"Thalamus_L_t_0","BasalGanglia_L_t_0",0.5
"Thalamus_L_t_0","BasalGanglia_R_t_0",0.46
"Thalamus_L_t_0","Cerebellum_L_t_0",0.31
"Thalamus_L_t_0","Cerebellum_R_t_0",0.48
"Thalamus_L_t_0","Cingulate_R_t_0",0.06
"Thalamus_L_t_0","DVARS_t_0",0.04
"Thalamus_L_t_0","Frontal_L_t_0",0.25
"Thalamus_L_t_0","Frontal_Orb_L_t_0",0.35
"Thalamus_L_t_0","Frontal_Orb_R_t_0",0.47
"Thalamus_L_t_0","Frontal_R_t_0",0.42
"Thalamus_L_t_0","Insula_L_t_0",0.29
"Thalamus_L_t_0","Insula_R_t_0",0.22
"Thalamus_L_t_0","Limbic_L_t_0",0.46
"Thalamus_L_t_0","Limbic_R_t_0",0.7
"Thalamus_L_t_0","Motor_L_t_0",0.17
"Thalamus_L_t_0","Motor_R_t_0",0.35
"Thalamus_L_t_0","Occipital_L_t_0",0.34
"Thalamus_L_t_0","Occipital_R_t_0",0.77
"Thalamus_L_t_0","Parietal_L_t_0",0.25
"Thalamus_L_t_0","Parietal_R_t_0",0.46
"Thalamus_L_t_0","Temporal_L_t_0",0.44
"Thalamus_L_t_0","Temporal_R_t_0",0.36
"Thalamus_L_t_0","Thalamus_R_t_0",1
"Thalamus_L_t_0","Vermis_t_0",0.39
"Thalamus_L_t_1","BasalGanglia_L_t_1",0.5
"Thalamus_L_t_1","BasalGanglia_R_t_1",0.46
"Thalamus_L_t_1","Cerebellum_L_t_0",0.01
"Thalamus_L_t_1","Cerebellum_L_t_1",0.31
"Thalamus_L_t_1","Cerebellum_R_t_1",0.48
"Thalamus_L_t_1","Cingulate_L_t_0",0.02
"Thalamus_L_t_1","Cingulate_R_t_0",0.01
"Thalamus_L_t_1","Cingulate_R_t_1",0.06
"Thalamus_L_t_1","DVARS_t_1",0.04
"Thalamus_L_t_1","Frontal_L_t_1",0.25
"Thalamus_L_t_1","Frontal_Orb_L_t_1",0.35
"Thalamus_L_t_1","Frontal_Orb_R_t_1",0.47
"Thalamus_L_t_1","Frontal_R_t_1",0.42
"Thalamus_L_t_1","Insula_L_t_1",0.29
"Thalamus_L_t_1","Insula_R_t_0",0.01
"Thalamus_L_t_1","Insula_R_t_1",0.22
"Thalamus_L_t_1","Limbic_L_t_1",0.46
"Thalamus_L_t_1","Limbic_R_t_1",0.7
"Thalamus_L_t_1","Motor_L_t_1",0.17
"Thalamus_L_t_1","Motor_R_t_1",0.35
"Thalamus_L_t_1","Occipital_L_t_0",0.01
"Thalamus_L_t_1","Occipital_L_t_1",0.34
"Thalamus_L_t_1","Occipital_R_t_1",0.77
"Thalamus_L_t_1","Parietal_L_t_1",0.25
"Thalamus_L_t_1","Parietal_R_t_1",0.46
"Thalamus_L_t_1","Temporal_L_t_0",0.01
"Thalamus_L_t_1","Temporal_L_t_1",0.44
"Thalamus_L_t_1","Temporal_R_t_0",0.01
"Thalamus_L_t_1","Temporal_R_t_1",0.36
"Thalamus_L_t_1","Thalamus_L_t_0",0.88
"Thalamus_L_t_1","Thalamus_R_t_0",0.43
"Thalamus_L_t_1","Thalamus_R_t_1",1
"Thalamus_L_t_1","Vermis_t_1",0.39
"Thalamus_R_t_0","BasalGanglia_L_t_0",0.2
"Thalamus_R_t_0","BasalGanglia_R_t_0",0.35
"Thalamus_R_t_0","Cerebellum_L_t_0",0.13
"Thalamus_R_t_0","Cerebellum_R_t_0",0.25
"Thalamus_R_t_0","DVARS_t_0",0.16
"Thalamus_R_t_0","Frontal_L_t_0",0.1
"Thalamus_R_t_0","Frontal_Orb_L_t_0",0.18
"Thalamus_R_t_0","Frontal_Orb_R_t_0",0.3
"Thalamus_R_t_0","Frontal_R_t_0",0.36
"Thalamus_R_t_0","Insula_L_t_0",0.04
"Thalamus_R_t_0","Insula_R_t_0",0.04
"Thalamus_R_t_0","Limbic_L_t_0",0.35
"Thalamus_R_t_0","Limbic_R_t_0",0.55
"Thalamus_R_t_0","Motor_L_t_0",0.02
"Thalamus_R_t_0","Motor_R_t_0",0.16
"Thalamus_R_t_0","Occipital_L_t_0",0.18
"Thalamus_R_t_0","Occipital_R_t_0",0.45
"Thalamus_R_t_0","Parietal_L_t_0",0.1
"Thalamus_R_t_0","Parietal_R_t_0",0.3
"Thalamus_R_t_0","Temporal_L_t_0",0.29
"Thalamus_R_t_0","Temporal_R_t_0",0.18
"Thalamus_R_t_0","Vermis_t_0",0.43
"Thalamus_R_t_1","BasalGanglia_L_t_1",0.2
"Thalamus_R_t_1","BasalGanglia_R_t_0",0.01
"Thalamus_R_t_1","BasalGanglia_R_t_1",0.35
"Thalamus_R_t_1","Cerebellum_L_t_0",0.01
"Thalamus_R_t_1","Cerebellum_L_t_1",0.13
"Thalamus_R_t_1","Cerebellum_R_t_1",0.25
"Thalamus_R_t_1","Cingulate_L_t_0",0.01
"Thalamus_R_t_1","DVARS_t_1",0.16
"Thalamus_R_t_1","Frontal_L_t_0",0.01
"Thalamus_R_t_1","Frontal_L_t_1",0.1
"Thalamus_R_t_1","Frontal_Orb_L_t_1",0.18
"Thalamus_R_t_1","Frontal_Orb_R_t_1",0.3
"Thalamus_R_t_1","Frontal_R_t_1",0.36
"Thalamus_R_t_1","Insula_L_t_0",0.02
"Thalamus_R_t_1","Insula_L_t_1",0.04
"Thalamus_R_t_1","Insula_R_t_0",0.01
"Thalamus_R_t_1","Insula_R_t_1",0.04
"Thalamus_R_t_1","Limbic_L_t_0",0.01
"Thalamus_R_t_1","Limbic_L_t_1",0.35
"Thalamus_R_t_1","Limbic_R_t_1",0.55
"Thalamus_R_t_1","Motor_L_t_0",0.01
"Thalamus_R_t_1","Motor_L_t_1",0.02
"Thalamus_R_t_1","Motor_R_t_1",0.16
"Thalamus_R_t_1","Occipital_L_t_1",0.18
"Thalamus_R_t_1","Occipital_R_t_1",0.45
"Thalamus_R_t_1","Parietal_L_t_1",0.1
"Thalamus_R_t_1","Parietal_R_t_1",0.3
"Thalamus_R_t_1","Temporal_L_t_0",0.01
"Thalamus_R_t_1","Temporal_L_t_1",0.29
"Thalamus_R_t_1","Temporal_R_t_0",0.02
"Thalamus_R_t_1","Temporal_R_t_1",0.18
"Thalamus_R_t_1","Thalamus_L_t_0",0.09
"Thalamus_R_t_1","Thalamus_R_t_0",0.39
"Thalamus_R_t_1","Vermis_t_1",0.43
"Vermis_t_0","BasalGanglia_L_t_0",0.22
"Vermis_t_0","BasalGanglia_R_t_0",0.33
"Vermis_t_0","Cerebellum_L_t_0",0.05
"Vermis_t_0","Cerebellum_R_t_0",0.33
"Vermis_t_0","Cingulate_L_t_0",0.15
"Vermis_t_0","Cingulate_R_t_0",0.18
"Vermis_t_0","DVARS_t_0",0.03
"Vermis_t_0","Frontal_L_t_0",0.2
"Vermis_t_0","Frontal_Orb_L_t_0",0.24
"Vermis_t_0","Frontal_Orb_R_t_0",0.42
"Vermis_t_0","Frontal_R_t_0",0.36
"Vermis_t_0","Insula_L_t_0",0.22
"Vermis_t_0","Insula_R_t_0",0.24
"Vermis_t_0","Limbic_L_t_0",0.43
"Vermis_t_0","Limbic_R_t_0",0.4
"Vermis_t_0","Motor_L_t_0",0.18
"Vermis_t_0","Motor_R_t_0",0.2
"Vermis_t_0","Occipital_L_t_0",0.29
"Vermis_t_0","Occipital_R_t_0",0.31
"Vermis_t_0","Parietal_L_t_0",0.19
"Vermis_t_0","Parietal_R_t_0",0.27
"Vermis_t_0","Temporal_L_t_0",0.25
"Vermis_t_0","Temporal_R_t_0",0.22
"Vermis_t_0","Thalamus_L_t_0",0.31
"Vermis_t_0","Thalamus_R_t_0",0.3
"Vermis_t_1","BasalGanglia_L_t_1",0.22
"Vermis_t_1","BasalGanglia_R_t_1",0.33
"Vermis_t_1","Cerebellum_L_t_0",0.04
"Vermis_t_1","Cerebellum_L_t_1",0.05
"Vermis_t_1","Cerebellum_R_t_1",0.33
"Vermis_t_1","Cingulate_L_t_1",0.15
"Vermis_t_1","Cingulate_R_t_1",0.18
"Vermis_t_1","DVARS_t_1",0.03
"Vermis_t_1","Frontal_L_t_1",0.2
"Vermis_t_1","Frontal_Orb_L_t_1",0.24
"Vermis_t_1","Frontal_Orb_R_t_1",0.42
"Vermis_t_1","Frontal_R_t_1",0.36
"Vermis_t_1","Insula_L_t_0",0.01
"Vermis_t_1","Insula_L_t_1",0.22
"Vermis_t_1","Insula_R_t_1",0.24
"Vermis_t_1","Limbic_L_t_1",0.43
"Vermis_t_1","Limbic_R_t_1",0.4
"Vermis_t_1","Motor_L_t_1",0.18
"Vermis_t_1","Motor_R_t_1",0.2
"Vermis_t_1","Occipital_L_t_0",0.06
"Vermis_t_1","Occipital_L_t_1",0.29
"Vermis_t_1","Occipital_R_t_0",0.06
"Vermis_t_1","Occipital_R_t_1",0.31
"Vermis_t_1","Parietal_L_t_0",0.02
"Vermis_t_1","Parietal_L_t_1",0.19
"Vermis_t_1","Parietal_R_t_0",0.07
"Vermis_t_1","Parietal_R_t_1",0.27
"Vermis_t_1","Temporal_L_t_1",0.25
"Vermis_t_1","Temporal_R_t_0",0.01
"Vermis_t_1","Temporal_R_t_1",0.22
"Vermis_t_1","Thalamus_L_t_1",0.31
"Vermis_t_1","Thalamus_R_t_1",0.3
"Vermis_t_1","Vermis_t_0",0.99
